path,bytes,sha256
.gitignore,162,8ba04a6f7e64fcddaf8a2e5e459f590bd26060cffe4daf0cf844a14d885a1479
Data/AqSolDB.csv,3750208,7c47e021d03a5720f53cfddb7aef90c8911ea276a36306c839798733d8630332
Data/Delaney.csv,92672,9136435f0e9a58317ec65fad4ae4e5181e6d5cf4e84daf9027a1c9d7c083c426
Data/ReadMe.md,1999,2d9b5db7158b137c2d1a8327bc8a94f44e51577c81a090b994496ac416e46048
Data/aqua_org.csv,38290,b94782dc955bd54dee3261e7fed7fe30bd2e4416a202069702669d6a155634dc
Data/ochem_all.csv,5046211,a477e53e19589197588796d03e4542fdb015c84703af519f3cc13213aecde964
Data/phys_org.csv,65181,cb66e25a4508ca64b511771d0e1b683d41923e5b49f48495b18def6b366fbfae
LICENSE,34523,8486a10c4393cee1c25392769ddd3b2d6c242d6ec7928e1414efff7dfb2f07ef
README.md,17690,1ec7ec1a5c15f30a9738fece654ad223286bff2c6598e73770c303de9778c393
data_processed/README.md,2390,345542795ef3e5d78a1625fa1e110c1fdd92a9af0d803f2a504ba8cbefb4fef5
data_processed/maccs_fingerprints.csv,4914746,9a97f184d5a2fe87b068611e7401810d4124aafcd5df95323e024a08cc041e0b
data_processed/maccs_fingerprints.parquet,451561,f7c166e013a450c684c914ea50f00c7a7dffa0a06e7d834ddf12d929a5d39ba9
data_processed/master_observations.csv,25684269,88ee5167831a90880627b44bf6f3bfb07e21d195b3c3564234bd572e215e54ce
data_processed/master_observations.parquet,5042153,f52ea19ca67de557f5415166c29d4910968f62ee657205134eaccd505c11f3f3
data_processed/meta_model_dataset.csv,696293,f2f751bf4b938f25ecf5c7734d9edac0d6807758395da52c36b4de610696873a
data_processed/meta_model_dataset.parquet,160505,7e04c49b707031338e5059a804f51695cc211f8860e2e70ac3152db1b4489fdb
data_processed/meta_model_dataset_with_source_holdouts.csv,1912315,96de7ad3dc13ca0c66453df0b52fbe5ea02d82004bd453ca24b0c1669a86b123
data_processed/meta_model_dataset_with_source_holdouts.parquet,287588,156765b36ad7d1344a0053e9734f5a3407e1fac3ede78949c0538b2a231d0c50
data_processed/modeling_targets.csv,4449675,9f1e6ed95ae4e7ca8df4871efd13097ea5ec06bcbdbec553134457e15838aec5
data_processed/modeling_targets.parquet,1198890,089920f617bde13f60bc59dfbfb6ff922174bb2bcb381e61f8235c6918ef9ab2
data_processed/molecule_summary.csv,2208740,3fafa34b6e7fdfc09f5a157ab342083b1bdd2391e37a14dc6d30b9f48ed88af9
data_processed/molecule_summary.parquet,976334,67db64e6af16cad38e02cc5a69e9422a6a60f8ee99141cb269a53a86a3a4bc2e
data_processed/morgan_fingerprints.csv,55995516,7d07c96a210be8c82b24bd830985becfe65d13d157febd3bb633c4e5734e72da
data_processed/morgan_fingerprints.parquet,1860203,ea8c2e02fa48fe9fbce29bb652d63d2256e0187b16c75f74a0c1204716e6ee74
data_processed/rdkit_descriptors.csv,27408348,be15dd711b0d44b20db756b998ff5d2e9e39b5c1245da9acdfc695ec5b287f0c
data_processed/rdkit_descriptors.parquet,6347128,03929f83f18a51e2568dd112b9ce90f7e4a0a02a2bb2b9367da302866cae9c4a
data_processed/source_holdout_meta_model_dataset.csv,1200808,ea2b1c75f4a8891f522dfe15cc66dfc9a895414b774694371ae57dcc2681242c
data_processed/source_holdout_meta_model_dataset.parquet,206800,e6eda8ed6aa780a8ab25f450dc9b0e02d88ef888b8f67a737316e787d870f95d
data_processed/source_holdout_tasks.csv,53220214,e287a573d4c6c4e42750cf3d48f2c072a40e3d36ffdceacf23b61e7d7143c108
data_processed/source_holdout_tasks.parquet,1745015,aa272bd9eb94d8138d81250536fac0d5d4d0b2b74bd30aaa555674052c02b93b
data_processed/split_assignments.csv,11353183,f8ae6412329756365528342a1347d24bc9a402cd60a971c3fad45c81e14807b7
data_processed/split_assignments.parquet,675677,7fa9893d2561da5b8deaf28a2a09c11bb960671439ef9cbfb7d3a077f1040947
environment.yml,238,95384a18f81d7466d31862a1cdc7d4430a7036a4a8468a93facfd459dbeab774
pyproject.toml,1514,6241655f3478e87c1f7795fedc2076e4264fabe280dbe286b2171c2ef1175b65
reports/README.md,2145,2a12daf617bdf6bce6a9cc5eaf6f66f2fd88d5fcc727a4c532f861f0ebdcc5fa
reports/baseline_run_report.csv,14666,dfd57bfb4c783c09437b6f0aeac807b663d0983abd3719f35c5670e01da588bf
reports/baseline_run_report.json,14855,b9e61e9eaa229ce030da003bf2c777d32fce9a65638e4ec0ca01e7e3f7cd131e
reports/chemprop_source_holdout_run_report.json,1851,41e36e835593248606adc87188a584bc5e63599bd81e884f9cb90945d8891d30
reports/chemprop_within_run_report.json,1808,415ed213abf3491d3c4a68f41ea680d4d2b699e9364e039a8dc61efc7f4c66dc
reports/data_validation.json,1962,f0d39b41cf0f8b869e0340e73d2c169201fb302ec5b723907e00ba5ebd3bcc8b
reports/dataset_summary.csv,469,790dc7797b676a49963dbf14d32688e1896f28dbdb4e112c97d50a024b371264
reports/failure_analysis_report.csv,5891,73df2389fd9ec6d321e45cb536a4c979643bb263a4e836305168d38c1ef611d8
reports/failure_analysis_report.json,5441,f0604049e2ab0a01254bd04e84427d20eb14b446c488b8a50fdc88b1feedbb77
reports/feature_quality.csv,3956,fa238ff73ec9878e9e1c52432d511e28e81dc2f2f6ce7344d6bc298c0a248c72
reports/feature_quality.json,3023,b72d4daa236cac0a39323d7c4150f81af01ae646aa56cdedc666ce6262c7ea81
reports/meta_dataset_dictionary.csv,12417,cd19435b4d3035e830fdf8a7910842baf7aeb2aa28373c7028a76e1f63cf3c6c
reports/meta_dataset_with_source_holdouts_dictionary.csv,12635,ee571dd75a02602e3164ceeff379fa8c46a1bd0516883b5ffb2492db25b7111c
reports/meta_model_feature_audit.csv,3863,606e815304269b6c8bcfbeee56e4f15703021ff3b1700f9e0c14e3e8fa8f3b16
reports/meta_model_report.csv,12548,02b4a907c0288e5cc635bb39a553411757545c5662f8086b35948b9dabdb120e
reports/meta_model_report.json,10983,fcb845146858bba61d13ccedf2679c93bc09ec8c6ef50e39d926060f0e21bf93
reports/modeling_reliability_summary.csv,404,85bb2ba6653c5b141dbbf0d7535052ad7fa981b0ba5b8658cb5d1b6b9b6515cc
reports/modeling_targets_report.json,900,6b3e3a9bd9ba37cec281bbc565362299ca105d3c57f36669b90af0662973538a
reports/source_holdout_model_report.csv,35953,0cde57464da435266c7a32591402af1a798c22bbc3372d7f424a4e627293aaf6
reports/source_holdout_model_report.json,36336,20665eafe970ff6f9e68068f2cecc4d0ebcf87d609d3dbbdd1b6d70173a214a2
reports/source_holdout_report.csv,4367,e15b615dfb7b7f5cf9d0650feb1d3661548fe46920c0eba6c8d4bd2e2674f086
reports/source_holdout_report.json,3816,ba8d2caa24b6857b780fefe2414b786a3305598605757423204258a3ea3555d1
reports/source_holdout_summary.csv,4272,f8f8fb05d54cb65ee168996be996a2f9b605517e012a06bd5a955deef952a728
reports/source_overlap.csv,565,56199c35e697c9542c0dc81f92c4e2e099b8262fd2d5d1970cf0ec659e6a5e67
reports/split_quality.csv,6247,fb57865146305e3f99d4da6f5902d8645403af70950b6a5e9e93e8d00b3296fd
reports/split_quality.json,1397,2ee76e55ae40953c31e3187804c0f3ff0aa42ef9fbb466f80078a76810ada074
requirements-lock.txt,1518,07d3eacf723d7f7359f209cac4e5816aa9d6d54244a28e4fcbf6cf972619dd1c
results/README.md,3449,9d326257a62ade6bddbadf1d34f5599c2d29cb7b10dea32dedb7d86c2c1f0efd
results/chemprop_source_holdout_hyperparameter_results.csv,10593,bfd73e1ea8a74fbdbedbf6561b1cc0faa7cc8da63ec32db8547b671021ff325c
results/chemprop_source_holdout_hyperparameter_results.parquet,9380,8e53c54233b2396602ecef96a08c4ed1055fc07d7adc0952b482ec09ebae9092
results/chemprop_source_holdout_model_results.csv,15613,c22b01bc67f495be373de6c6f4125ad3c200444244a6fc459e6f3fa658177f6c
results/chemprop_source_holdout_model_results.parquet,22331,1bbb474fb8c11ed909f7a9d51d3ef6075c31dd5a2f24e6093ba2b70076f0df2c
results/chemprop_source_holdout_test_predictions.parquet,4620815,17b061cafac5d9a2360b56ee6b84ef086a153879d169643457b39d5fb8fd844d
results/chemprop_within_hyperparameter_results.csv,5735,42f242e647c6115363f6600163f190e7718624b9bb99ab0a20fb3238223d0eed
results/chemprop_within_hyperparameter_results.parquet,7428,e121e0b9652e657ba3d1175e9405b9286dc5ac1ac578e51fb0c1bebd1141dfe2
results/chemprop_within_model_results.csv,8658,f5e0300b022e28d5a6b3dccd7d57cba7ca9cbd434f8076b77883cd3762120ee0
results/chemprop_within_model_results.parquet,19627,9211026a1a84f44c083f2bcb2e7c0f951459aefda3bbf005745f5a08af3f5e02
results/chemprop_within_test_predictions.parquet,755909,a15db9f0baf6fd49794d0a827ae735695c68f214c3e9721047cc4ca417b1f79e
results/failure_group_summary.csv,15120,a19e338037beb6fbdd3da7a5a26998348d960046b63b8e09ac4816f351e41a24
results/hyperparameter_results.csv,259051,f1a44c73615e4c97756598d266ea68990919423ed3465c91d6f98dd9f5a82998
results/hyperparameter_results.parquet,63388,139506950975b28bdf04ab09ca69d9c2120564d6179c5f16f26836a898ecf734
results/meta_model_ablation_discrimination.csv,3040,1e95a26806759e8887abdb147653327cb832c187b290c2e131e1b56c40b2773b
results/meta_model_ablation_fold_performance.csv,2021,c73a7757fbcd2aec6407aad1aff12517bf5daf15c220477d804fa7aad3d5c4bb
results/meta_model_ablation_oos_predictions.parquet,44532,9315c7b670a99cd63bca690d128b538489b928217a83338b35d2720692b436fa
results/meta_model_ablation_performance.csv,493,ebf3553739070b166cc7192b62891632259d0793240fefb5e91adae3d63a5c86
results/meta_model_ablation_selected_candidates.csv,24845,9a0f5c3d377d21c2548e74e2ce3bb028760e9c440345f93b4f03fe94c91eca60
results/meta_model_bootstrap_uncertainty.csv,4778,b44b552ea2c7f82234ce3e70d617c1f3a7f1f9ba5973559c28c4132b69d14fb5
results/meta_model_discrimination_summary.csv,3022,5f3ea7663f8210cfe26746fd78f7ed1288fec954c0610fc634ecbda5b0bba346
results/meta_model_feature_importance.csv,165958,d9e7d94bf78f95d37c75b7814595ed1dbd2bf58b65bfaf10850d50dc0b611010
results/meta_model_fold_performance.csv,5095,eee55cef68304b6719297cb0af8cacdf62f9ffa96a7e6c1c092b5eb0e52757d6
results/meta_model_oos_predictions.csv,679332,1dd6245766bb0da61335f1725d6e9eea935a452eeba177b6a12df3ec25275c75
results/meta_model_oos_predictions.parquet,66293,ddb3965313cd3faef3cb4604b34a0d41c35c344a41da282e3995d863a00d5fe7
results/meta_model_paired_comparisons.csv,4631,5b03309107dbc8a201041522cc9ee04dc956e55915a79d6534736912be03db21
results/meta_model_performance_summary.csv,1077,1f1047ea81813a4bbe4269ad7ee2c0f8f46090f4841e0f6f791260cf0091a0d2
results/meta_model_selected_candidates.csv,64008,48145522339cef3ad25934b3551c7bd0254596fef106bb53fde0463400ff88fa
results/meta_model_selected_candidates.parquet,15188,d2aa93143291e100810ce291fc3cb43279c3ea0c1854478fd7f34e730a2bcac0
results/model_results.csv,178992,d0d545eea548485e93bc554af2e2f016b4737199f91b0826cb5b2142479cbb12
results/model_results.parquet,60814,f951b587960395488ce844fab2127b2a94951163d6ca4248a0dbd43bca3f3641
results/molecule_failure_summary.csv,1813692,b2901e854f72fd09d355ab6af5b370520ec6c4fbd08d4a292439579d2400bc4c
results/molecule_failure_summary.parquet,543939,c04ac5f3deb7d5ee9830fdccac2de553350032d6fe2d82b2c167199254fee89b
results/prediction_failures.csv.gz,27286644,e17285f6cb1c42edd54ef1f3559fce1e6cc23e62093010853a243a503c46feb2
results/prediction_failures.parquet,14812003,2f052ac62979a218cc5de5dcb92737d02c18c2c8928ad5fd52a0af0e719990a4
results/run_failure_summary.csv,155333,c7006d0545cfa35c6f34b6df7801ccd19ba06d2d62830b0c07497d901a6adcdb
results/run_failure_summary.parquet,54862,9ac658ee81f237d1e5e6f75c3438b1562e44f45684cfb2dc37011544748e102b
results/source_holdout_failure_group_summary.csv,27486,db5a5b2b456de8cda4065a98b64924e23f4d875423ab8709353895386e838d4b
results/source_holdout_hyperparameter_results.csv,530609,075fa43608e7b6d91db08aedeac3b5c650c8344ac6d8ecd239923d94dfe05a4a
results/source_holdout_hyperparameter_results.parquet,103970,50691ac8ac57ef3383511296eb9a6ee363e5686e3d656220f601d832ac6418c9
results/source_holdout_model_results.csv,342450,fcbe150e4eac1746cb4efb8cbc0f3d74266c3db767066e15a2155f4390d2fba6
results/source_holdout_model_results.parquet,88443,0c70d13af6bc59af63e617a9d3b50de66997b6989903ee3c98fbcaacddfcbd2c
results/source_holdout_run_failure_summary.csv,302558,b536c06c8ccb23d4a4eeb398fa52a08508da598ad7af0a9862e4d50ca0f953a1
results/source_holdout_run_failure_summary.parquet,85161,e899426343be323b2544c05b442977cfb8d3ed996591496186bfb7b528a4cd5f
results/test_predictions.csv.gz,26658940,71d5fde46560695f755277d182ed85819d41dbd32b93cbb820e138b4239d6d27
results/test_predictions.parquet,14434760,0b12891f9f4dfcebaa3a9aeeadc504ac4a0db016ebfc32c039b1702b97d44b23
scripts/run_reproducible_pipeline.sh,962,a888c1a16ec65b2c9f29f6831392d650d7b124742d9a899d46d78f13264ce4da
src/aquasol_meta/__init__.py,105,666d5b44331413a4ab80054e55e9735382f58282c5bc2eb033f623099f604cc7
src/aquasol_meta/build_failure_meta.py,11519,5fdf0b89c2de8f649fd308cfd80370b56b16ff00c27f07c6afc0c656d792701d
src/aquasol_meta/build_features.py,7085,f96378ec14f070963be1b2b180b3410f458ba40fa1c459f28f32a32aa478fb8b
src/aquasol_meta/build_master.py,5158,7ab1e13d33ec34d68edd788807da3e115246716fd8327b43abd091b3edb3730b
src/aquasol_meta/build_source_holdouts.py,3353,39b1a1c899c47ba2a1025e987160641599b0795f37171cb13e087e819e59cbf3
src/aquasol_meta/build_splits.py,4211,f4f694b72981c37ab830d372bc8f02ebc4c1f81761b3ef7cc8aa7c8474ee81cb
src/aquasol_meta/build_targets.py,4050,d1fc3e2baf5b890da9c823f358672f06ef3c6689dcd5db55812fa68b8cade709
src/aquasol_meta/config.py,818,953de20ad5d244f6174b2d71cec3987818abb54ba7761a5ae236c3929be40187
src/aquasol_meta/deduplicate.py,2860,e4690dbc49957a6a31c9b042f9790129ed3904c2ea00a07f4adce697575320cc
src/aquasol_meta/failure_meta.py,27457,2b4e33563befd2496c3556e3a6952bf00bddb5e53679c7be0ca01d79f7324411
src/aquasol_meta/features.py,10592,e135d7e352c86dbb2885c1c2e3ebb30e7bc5242ae736f0cb9262938990882254
src/aquasol_meta/ingest.py,8129,1e374fa1f454047626a7b8966244977fc102c0416d94e9f0cb0f24a5dd2c1eb8
src/aquasol_meta/modeling.py,27146,c610893465f903b39aab1f71df593b4c5d7d10c463fe7987338fe761c0cd12c8
src/aquasol_meta/reproducibility.py,10975,e17f4017609d695f0a1204eea87b546ee99606fcaa22aa617e49a0f18ea70533
src/aquasol_meta/run_baselines.py,11275,7bb5a9b52b451c5d6ea5baaaaab2c0102cea5f7add04a8ba99aff6530736ab73
src/aquasol_meta/run_chemprop.py,36146,921e2395290e1e7acf85d95288f6563e1d0c398791cc965cc39da13464df9a70
src/aquasol_meta/run_meta_model.py,41926,20e7c3e9413fd051368f11b9971dfe45f65d820f252dfb98f5abf2a0f0e6c02a
src/aquasol_meta/run_source_holdouts.py,23546,d49975c7b183790ad4789d8fe0ad3bd9de7e18c85fd4d8cc9c0f6730737b73bc
src/aquasol_meta/source_holdout.py,12813,3a0b927d592204374aa6bfceda2346a7e45a49ad60ae59341c3c33f30f705706
src/aquasol_meta/splits.py,15079,f0c03d95d841bbdc0d07b50886682eb9df694b0646243b7488084393ff5871a6
src/aquasol_meta/standardize.py,4695,67960a14b0d2bd1a2ee27da5e7d60fbdaf83a95d07c1622ee748b0c81daeeab5
src/aquasol_meta/targets.py,7638,1574b577d0b1e8c5dda47cc5958d84a9f0481caf563cb64782b83488e2eb4549
src/aquasol_meta/validate_data.py,3329,e9d291954a90031c74b3166845330384de1df0210b747fe0f3acb65180234d07
tests/test_chemprop_runner.py,2071,6090e4430442194efd26da0499a0f1c74f528f2c4e5919b9cedd684b89b5120a
tests/test_deduplicate.py,1285,4a35a86239d902f4205c248db7657f406aea6e3a6b5acd26f8bff50eff65c4c1
tests/test_failure_meta.py,5879,8ec40434e2df1aae8b97a051f5a8f061a09a40e056fc3ce5947235200224ff1d
tests/test_features.py,3327,48e6741811a069191947a73c58d9c53e950bebffa8f7e3f0508c95f3cd09df25
tests/test_ingest.py,829,065a5c4e75903ee5e5392c48133a1983a50e66c0acb5147eeb6cee4e9d1735e9
tests/test_meta_model.py,2057,ad2e46787eab628742d60b53180ec474676d2d87d565fc7e32ff4d6ee43c82f0
tests/test_modeling.py,5077,71e1d786b5be33f246e832179f6c3149dce969a7ee1d636b0aeb7f49b473804a
tests/test_reproducibility.py,1599,6ca5b2f32ce8311a6a4b3d040e3664c748da8b3eb028c967b37424e653b058c9
tests/test_source_holdout.py,5952,b179820486a85246f9d853becf7303491f5e562304914a5be4f503fc391bb961
tests/test_splits.py,2390,ca9f9aa24a11ed7054c486017ec3b0e47091cc258a940dee50457922d74401a4
tests/test_standardize.py,698,df5d80b789f0e45b6b8cd4e3c3eadc69c74c735468694c5534dfb5b97dd3a9f4
tests/test_targets.py,2392,9cfbe3b322436557ce523fea625fe751aebaad4f6bbe331f83b5091f28c8fb43
