column,predictor_group,data_type,non_missing_rows,missing_fraction,unique_non_missing_values
x_model,candidate_identity,categorical,700,0.0,12
x_model_class,candidate_identity,categorical,700,0.0,8
x_feature_type,candidate_identity,categorical,700,0.0,4
x_features_after_preprocessing,candidate_identity,numeric,700,0.0,7
x_fit_molecules,task_chemistry,numeric,700,0.0,5
x_fit_scaffold_count,task_chemistry,numeric,700,0.0,5
x_fit_log_s_mean,task_chemistry,numeric,700,0.0,5
x_fit_log_s_std,task_chemistry,numeric,700,0.0,5
x_fit_log_s_iqr,task_chemistry,numeric,700,0.0,5
x_fit_mean_observation_count,task_chemistry,numeric,700,0.0,5
x_fit_multiple_source_fraction,task_chemistry,numeric,700,0.0,5
x_fit_single_observation_fraction,task_chemistry,numeric,700,0.0,5
x_test_molecules,task_chemistry,numeric,700,0.0,5
x_test_scaffold_count,task_chemistry,numeric,700,0.0,5
x_test_unseen_scaffold_fraction,task_chemistry,numeric,700,0.0,5
x_test_max_train_similarity_median,task_chemistry,numeric,700,0.0,15
x_test_max_train_similarity_p10,task_chemistry,numeric,700,0.0,13
x_test_similarity_below_0p3_fraction,task_chemistry,numeric,700,0.0,22
x_test_similarity_below_0p5_fraction,task_chemistry,numeric,700,0.0,25
x_shift_mol_wt_smd,task_chemistry,numeric,700,0.0,5
x_shift_mol_log_p_smd,task_chemistry,numeric,700,0.0,5
x_shift_tpsa_smd,task_chemistry,numeric,700,0.0,5
x_shift_fraction_csp3_smd,task_chemistry,numeric,700,0.0,5
x_shift_rotatable_bonds_smd,task_chemistry,numeric,700,0.0,5
x_shift_ring_count_smd,task_chemistry,numeric,700,0.0,5
x_validation_rmse,validation_performance,numeric,700,0.0,700
x_validation_mae,validation_performance,numeric,700,0.0,700
x_validation_r2,validation_performance,numeric,700,0.0,700
x_validation_spearman,validation_performance,numeric,700,0.0,700
x_hp_C,selected_hyperparameter,numeric,75,0.8928571428571429,1
x_hp_alpha,selected_hyperparameter,numeric,225,0.6785714285714286,7
x_hp_architecture,selected_hyperparameter,categorical,25,0.9642857142857143,1
x_hp_batch_size,selected_hyperparameter,numeric,25,0.9642857142857143,1
x_hp_depth,selected_hyperparameter,numeric,25,0.9642857142857143,1
x_hp_dropout,selected_hyperparameter,numeric,25,0.9642857142857143,1
x_hp_early_stopping_patience,selected_hyperparameter,numeric,25,0.9642857142857143,1
x_hp_ensemble_size,selected_hyperparameter,numeric,25,0.9642857142857143,1
x_hp_epsilon,selected_hyperparameter,numeric,75,0.8928571428571429,2
x_hp_ffn_hidden_dim,selected_hyperparameter,numeric,25,0.9642857142857143,1
x_hp_ffn_num_layers,selected_hyperparameter,numeric,25,0.9642857142857143,1
x_hp_gamma,selected_hyperparameter,categorical,75,0.8928571428571429,1
x_hp_hidden_layer_sizes,selected_hyperparameter,categorical,75,0.8928571428571429,2
x_hp_l1_ratio,selected_hyperparameter,numeric,75,0.8928571428571429,2
x_hp_l2_regularization,selected_hyperparameter,numeric,25,0.9642857142857143,2
x_hp_learning_rate,selected_hyperparameter,numeric,125,0.8214285714285714,3
x_hp_max_depth,selected_hyperparameter,numeric,75,0.8928571428571429,2
x_hp_max_features,selected_hyperparameter,categorical,150,0.7857142857142857,2
x_hp_max_leaf_nodes,selected_hyperparameter,numeric,25,0.9642857142857143,2
x_hp_maximum_epochs,selected_hyperparameter,numeric,25,0.9642857142857143,1
x_hp_message_hidden_dim,selected_hyperparameter,numeric,25,0.9642857142857143,1
x_hp_min_child_weight,selected_hyperparameter,numeric,75,0.8928571428571429,2
x_hp_min_samples_leaf,selected_hyperparameter,numeric,150,0.7857142857142857,2
x_hp_minibatch_frac,selected_hyperparameter,numeric,25,0.9642857142857143,1
x_hp_n_estimators,selected_hyperparameter,numeric,250,0.6428571428571429,5
x_hp_n_neighbors,selected_hyperparameter,numeric,75,0.8928571428571429,3
x_hp_strategy,selected_hyperparameter,categorical,0,1.0,0
x_hp_weights,selected_hyperparameter,categorical,75,0.8928571428571429,1
