metric,value
manifest_schema_version,1
generated_at_utc,2026-10-07T17:34:24.417339+00:00
status,pass
python.version,"3.11.4 (v3.11.4:d2340ef257, Jun  6 2023, 19:15:51) [Clang 13.0.0 (clang-1300.0.29.30)]"
python.implementation,CPython
python.platform,macOS-14.4.1-arm64-arm-64bit
locked_packages.aimsim_core,2.2.3
locked_packages.aiohappyeyeballs,2.7.1
locked_packages.aiohttp,3.14.3
locked_packages.aiosignal,1.4.0
locked_packages.astartes,1.3.3
locked_packages.attrs,26.1.0
locked_packages.autograd,1.9.1
locked_packages.autograd-gamma,0.5.0
locked_packages.chemprop,2.3.1
locked_packages.cloudpickle,3.1.2
locked_packages.ConfigArgParse,1.8.0
locked_packages.contourpy,1.3.3
locked_packages.cuik_molmaker_pin,2026.3.6
locked_packages.cycler,0.12.1
locked_packages.descriptastorus,2.8.0
locked_packages.dill,0.4.1
locked_packages.filelock,4.0.10
locked_packages.fonttools,4.66.1
locked_packages.formulaic,1.2.2
locked_packages.frozenlist,1.8.0
locked_packages.fsspec,2026.9.0
locked_packages.idna,3.20
locked_packages.iniconfig,2.3.0
locked_packages.interface_meta,2.0.1
locked_packages.Jinja2,3.1.6
locked_packages.joblib,1.6.0
locked_packages.kiwisolver,1.5.1
locked_packages.lifelines,0.30.3
locked_packages.lightning,2.6.6
locked_packages.lightning-utilities,0.15.3
locked_packages.markdown-it-py,4.2.0
locked_packages.MarkupSafe,3.0.4
locked_packages.matplotlib,3.11.2
locked_packages.mdurl,0.1.2
locked_packages.mhfp,1.9.6
locked_packages.mordredcommunity,2.0.7
locked_packages.mpmath,1.3.0
locked_packages.multidict,6.9.1
locked_packages.multiprocess,0.70.19
locked_packages.myerson,1.0.1
locked_packages.narwhals,2.26.0
locked_packages.networkx,3.6.1
locked_packages.ngboost,0.5.11
locked_packages.numpy,2.4.6
locked_packages.packaging,26.3
locked_packages.padelpy,0.1.17
locked_packages.pandas,2.3.3
locked_packages.pandas-flavor,0.8.1
locked_packages.pillow,12.3.0
locked_packages.pip,23.1.2
locked_packages.pluggy,1.6.0
locked_packages.propcache,0.5.4
locked_packages.psutil,7.2.2
locked_packages.pyarrow,25.0.1
locked_packages.Pygments,2.21.0
locked_packages.pyparsing,3.3.3
locked_packages.pytest,9.1.1
locked_packages.python-dateutil,2.9.0.post0
locked_packages.pytorch-lightning,2.6.6
locked_packages.pytz,2026.5
locked_packages.PyYAML,6.0.3
locked_packages.rdkit,2026.3.6
locked_packages.rich,15.0.0
locked_packages.ruff,0.16.10
locked_packages.scikit-learn,1.9.1
locked_packages.scipy,1.17.1
locked_packages.setuptools,84.0.0
locked_packages.six,1.17.0
locked_packages.sympy,1.14.0
locked_packages.tabulate,0.10.0
locked_packages.threadpoolctl,3.7.0
locked_packages.torch,2.14.1
locked_packages.torchmetrics,1.9.0
locked_packages.tqdm,4.70.1
locked_packages.typing_extensions,4.16.0
locked_packages.tzdata,2026.5
locked_packages.wrapt,2.5.0
locked_packages.xarray,2026.9.0
locked_packages.xgboost,3.2.0
locked_packages.yarl,1.25.1
table_counts.master_observations.rows,50880
table_counts.master_observations.columns,45
table_counts.modeling_targets.rows,13572
table_counts.modeling_targets.columns,32
table_counts.split_assignments.rows,134535
table_counts.split_assignments.columns,7
table_counts.source_holdout_tasks.rows,259880
table_counts.source_holdout_tasks.columns,17
table_counts.model_results.rows,465
table_counts.model_results.columns,27
table_counts.test_predictions.rows,417105
table_counts.test_predictions.columns,21
table_counts.prediction_failures.rows,417105
table_counts.prediction_failures.columns,28
table_counts.run_failure_summary.rows,465
table_counts.run_failure_summary.columns,20
table_counts.within_meta_dataset.rows,465
table_counts.within_meta_dataset.columns,121
table_counts.source_meta_dataset.rows,775
table_counts.source_meta_dataset.columns,123
table_counts.combined_meta_dataset.rows,1240
table_counts.combined_meta_dataset.columns,123
table_counts.meta_model_oos_predictions.rows,2800
table_counts.meta_model_oos_predictions.columns,16
table_counts.meta_model_selected_candidates.rows,275
table_counts.meta_model_selected_candidates.columns,14
table_counts.sc2019_external_inputs.rows,132
table_counts.sc2019_external_inputs.columns,17
table_counts.sc2019_external_labels.rows,132
table_counts.sc2019_external_labels.columns,7
table_counts.sc2019_overlap_audit.rows,132
table_counts.sc2019_overlap_audit.columns,14
experiment.within_model_runs,465
experiment.within_prediction_rows,417105
experiment.within_tasks,15
experiment.source_model_runs,775
experiment.source_tasks,25
experiment.combined_meta_rows,1240
experiment.combined_tasks,40
experiment.model_run_counts.chemprop,15
experiment.model_run_counts.dummy,45
experiment.model_run_counts.elastic_net,45
experiment.model_run_counts.esol,15
experiment.model_run_counts.extra_trees,45
experiment.model_run_counts.hist_gradient_boosting,15
experiment.model_run_counts.knn,45
experiment.model_run_counts.mlp,45
experiment.model_run_counts.ngboost,15
experiment.model_run_counts.random_forest,45
experiment.model_run_counts.ridge,45
experiment.model_run_counts.svr,45
experiment.model_run_counts.xgboost,45
experiment.feature_types,maccs_fingerprints
experiment.feature_types,molecular_graph
experiment.feature_types,morgan_fingerprints
experiment.feature_types,rdkit_descriptors
experiment.split_strategies,low_similarity
experiment.split_strategies,random
experiment.split_strategies,scaffold
experiment.within_repeats,1
experiment.within_repeats,2
experiment.within_repeats,3
experiment.within_repeats,4
experiment.within_repeats,5
experiment.within_seeds,13
experiment.within_seeds,37
experiment.within_seeds,73
experiment.within_seeds,101
experiment.within_seeds,137
experiment.source_repeats,1
experiment.source_repeats,2
experiment.source_repeats,3
experiment.source_repeats,4
experiment.source_repeats,5
experiment.source_seeds,13
experiment.source_seeds,37
experiment.source_seeds,73
experiment.source_seeds,101
experiment.source_seeds,137
experiment.heldout_sources,AQUA
experiment.heldout_sources,AqSolDB
experiment.heldout_sources,Delaney
experiment.heldout_sources,OCHEM
experiment.heldout_sources,PHYSPROP
experiment.meta_model_oos_candidate_rows,2800
experiment.meta_model_names,bayesian_logistic_laplace
experiment.meta_model_names,hist_gradient_boosting
experiment.meta_model_names,logistic
experiment.meta_model_names,random_forest
experiment.meta_model_outer_sources,AQUA
experiment.meta_model_outer_sources,AqSolDB
experiment.meta_model_outer_sources,Delaney
experiment.meta_model_outer_sources,OCHEM
experiment.meta_model_outer_sources,PHYSPROP
experiment.meta_model_selected_rows,275
experiment.meta_model_selectors,fixed_chemprop_graph
experiment.meta_model_selectors,fixed_random_forest_rdkit
experiment.meta_model_selectors,fixed_svr_rdkit
experiment.meta_model_selectors,fixed_xgboost_rdkit
experiment.meta_model_selectors,meta_bayesian_logistic_laplace
experiment.meta_model_selectors,meta_hist_gradient_boosting
experiment.meta_model_selectors,meta_logistic
experiment.meta_model_selectors,meta_random_forest
experiment.meta_model_selectors,oracle
experiment.meta_model_selectors,training_source_best
experiment.meta_model_selectors,validation_rmse
experiment.sc2019_external_rows,132
experiment.sc2019_external_tasks,sc2019_loose
experiment.sc2019_external_tasks,sc2019_tight
experiment.sc2019_exact_raw_collection_overlaps,101
experiment.sc2019_exact_primary_training_overlaps,48
experiment.chemprop_parameters.0.architecture,D-MPNN
experiment.chemprop_parameters.0.batch_size,64
experiment.chemprop_parameters.0.depth,3
experiment.chemprop_parameters.0.dropout,0.0
experiment.chemprop_parameters.0.early_stopping_patience,5
experiment.chemprop_parameters.0.ensemble_size,1
experiment.chemprop_parameters.0.ffn_hidden_dim,300
experiment.chemprop_parameters.0.ffn_num_layers,1
experiment.chemprop_parameters.0.maximum_epochs,30
experiment.chemprop_parameters.0.message_hidden_dim,300
failure_definition,q_i = 1 when absolute(true_log_s - predicted_log_s) is strictly greater than 1 logS; otherwise q_i = 0.
failure_thresholds_log_s,0.5
failure_thresholds_log_s,1.0
failure_thresholds_log_s,2.0
checksum_algorithm,SHA-256
checksum_file,reports/artifact_checksums.csv
checksummed_file_count,158
checksummed_bytes,313592383
github_safety_threshold_bytes,95000000
files_at_or_above_safety_threshold,[]
pipeline_script,scripts/run_reproducible_pipeline.sh
notes,Chemprop cache files and checkpoints are excluded because they are regenerable.
notes,The Git-ignored partitioned source prediction dataset is regenerable and excluded from checksums.
notes,Neural-network results may not be bit-identical across hardware backends.
notes,Meta-model assessment holds out complete experimental sources.
notes,SC2019 external labels are stored separately and are not joined to the training master.
