source_left,source_right,unique_molecules_left,unique_molecules_right,shared_molecules,percent_of_smaller_source
AQUA,AqSolDB,1302,9560,1294,99.38556067588326
AQUA,Delaney,1302,1117,776,69.47179946284692
AQUA,OCHEM,1302,10577,1302,100.0
AQUA,PHYSPROP,1302,2010,1014,77.88018433179724
AqSolDB,Delaney,9560,1117,1116,99.91047448522829
AqSolDB,OCHEM,9560,10577,6582,68.84937238493724
AqSolDB,PHYSPROP,9560,2010,1949,96.96517412935323
Delaney,OCHEM,1117,10577,1117,100.0
Delaney,PHYSPROP,1117,2010,821,73.50044762757386
OCHEM,PHYSPROP,10577,2010,1987,98.85572139303483
