split_strategy,repeat,seed,partition,molecules,scaffolds,log_s_mean,log_s_median,log_s_min,log_s_max,mean_maximum_train_similarity,median_maximum_train_similarity,minimum_maximum_train_similarity,maximum_maximum_train_similarity,fraction_of_molecules
low_similarity,1,13,test,897,661,-2.376035847795039,-2.16,-9.35,2.36,0.3760977132045674,0.391304347826087,0.045454545454545456,0.6666666666666666,0.1000111495149961
low_similarity,1,13,train,7175,3762,-2.836309368500432,-2.68,-12.9,2.5,,,,,0.7999777009700078
low_similarity,1,13,validation,897,564,-2.5312822162518396,-2.37,-11.8,2.38,0.5843396819122302,0.5769230769230769,0.4857142857142857,0.9,0.1000111495149961
low_similarity,2,37,test,897,664,-2.4347851886641583,-2.13,-10.2347171749,2.4,0.37413730448385385,0.3888888888888889,0.05263157894736842,0.6388888888888888,0.1000111495149961
low_similarity,2,37,train,7175,3768,-2.8396500003378535,-2.6959998037,-11.8,2.5,,,,,0.7999777009700078
low_similarity,2,37,validation,897,552,-2.445811544910591,-2.2577490108,-12.9,2.36,0.5812681370782928,0.5769230769230769,0.4827586206896552,0.8974358974358975,0.1000111495149961
low_similarity,3,73,test,897,677,-2.423278000489242,-2.1991273723,-10.2347171749,2.49,0.37729386880621574,0.3953488372093023,0.041666666666666664,0.625,0.1000111495149961
low_similarity,3,73,train,7175,3717,-2.83501813528131,-2.6980000000000004,-12.9,2.5,,,,,0.7999777009700078
low_similarity,3,73,validation,897,576,-2.4943684898086955,-2.2180283184,-11.8,2.48,0.5842161005354396,0.5806451612903226,0.4857142857142857,1.0,0.1000111495149961
low_similarity,4,101,test,897,661,-2.3964507472662766,-2.1616093611,-9.35,2.38,0.37637408788249804,0.3870967741935484,0.04,0.6818181818181818,0.1000111495149961
low_similarity,4,101,train,7175,3740,-2.857049356934077,-2.7,-11.8,2.5,,,,,0.7999777009700078
low_similarity,4,101,validation,897,547,-2.3449705308147157,-2.1325,-12.9,2.36,0.5829886868533011,0.5789473684210527,0.4857142857142857,1.0,0.1000111495149961
low_similarity,5,137,test,897,649,-2.413456496724526,-2.1850914787,-9.9827617991,2.49,0.3848236715683186,0.39473684210526316,0.047619047619047616,0.7419354838709677,0.1000111495149961
low_similarity,5,137,train,7175,3759,-2.8449190152685153,-2.69,-11.8,2.5,,,,,0.7999777009700078
low_similarity,5,137,validation,897,567,-2.424993991446098,-2.2017086736,-12.9,2.43,0.5901336860463522,0.5833333333333334,0.5,0.9629629629629629,0.1000111495149961
random,1,13,test,897,608,-2.7673242320625975,-2.62,-11.8,2.5,0.5929156555116394,0.59375,0.045454545454545456,1.0,0.1000111495149961
random,1,13,train,7175,3852,-2.7581716271196863,-2.6,-12.9,2.49,,,,,0.7999777009700078
random,1,13,validation,897,619,-2.765008652950669,-2.6,-11.4,2.38,0.5958514207544511,0.5909090909090909,0.045454545454545456,1.0,0.1000111495149961
random,2,37,test,897,616,-2.735799101857692,-2.6,-9.9827617991,2.36,0.5932016236836157,0.5862068965517241,0.058823529411764705,1.0,0.1000111495149961
random,2,37,train,7175,3886,-2.7596112506554005,-2.6,-11.8,2.5,,,,,0.7999777009700078
random,2,37,validation,897,583,-2.785018399801338,-2.6229591952,-12.9,2.49,0.5904344851663771,0.5789473684210527,0.05263157894736842,1.0,0.1000111495149961
random,3,73,test,897,616,-2.7635453237114826,-2.6,-10.6,2.09,0.6005553110941252,0.5925925925925926,0.041666666666666664,1.0,0.1000111495149961
random,3,73,train,7175,3839,-2.7582215223693867,-2.6,-12.9,2.5,,,,,0.7999777009700078
random,3,73,validation,897,645,-2.7683884549287625,-2.61,-11.8,2.49,0.589283507590744,0.574468085106383,0.05263157894736842,1.0,0.1000111495149961
random,4,101,test,897,638,-2.764189125513657,-2.6,-10.7,2.38,0.5876510611111895,0.5833333333333334,0.09090909090909091,1.0,0.1000111495149961
random,4,101,train,7175,3828,-2.7627526628805645,-2.6,-12.9,2.49,,,,,0.7999777009700078
random,4,101,validation,897,608,-2.731500580475864,-2.6,-9.1,2.5,0.596365300665696,0.5897435897435898,0.05555555555555555,1.0,0.1000111495149961
random,5,137,test,897,614,-2.7471198956224083,-2.61,-9.9827617991,2.49,0.5913767060658847,0.5833333333333334,0.047619047619047616,1.0,0.1000111495149961
random,5,137,train,7175,3848,-2.7619652761059164,-2.6,-12.9,2.5,,,,,0.7999777009700078
random,5,137,validation,897,612,-2.7548680267641026,-2.61,-10.1,2.39,0.6000817161283574,0.5909090909090909,0.06666666666666667,1.0,0.1000111495149961
scaffold,1,13,test,897,464,-3.040453437045764,-2.53,-12.9,2.41,0.5057777753992582,0.45454545454545453,0.0625,1.0,0.1000111495149961
scaffold,1,13,train,7175,3723,-2.708523481398126,-2.58,-11.4,2.5,,,,,0.7999777009700078
scaffold,1,13,validation,897,464,-2.8890092646366217,-2.7868204517,-10.2347171749,2.4,0.5102007491167401,0.48,0.05,1.0,0.1000111495149961
scaffold,2,37,test,897,464,-3.076055861766555,-2.75,-12.9,2.36,0.49868601513286503,0.4583333333333333,0.045454545454545456,1.0,0.1000111495149961
scaffold,2,37,train,7175,3723,-2.6950649770496167,-2.5375,-11.0,2.5,,,,,0.7999777009700078
scaffold,2,37,validation,897,464,-2.961059870797157,-2.8833112394,-11.4,2.33,0.5119016119609534,0.4857142857142857,0.041666666666666664,1.0,0.1000111495149961
scaffold,3,73,test,897,464,-3.014191874913768,-2.7475939424,-12.9,2.09,0.5004770764568882,0.46153846153846156,0.05263157894736842,1.0,0.1000111495149961
scaffold,3,73,train,7175,3723,-2.706968371221387,-2.55,-11.4,2.5,,,,,0.7999777009700078
scaffold,3,73,validation,897,464,-2.9277099745034003,-2.8833112394,-10.7,2.48,0.5081278295130335,0.48148148148148145,0.06666666666666667,1.0,0.1000111495149961
scaffold,4,101,test,897,464,-3.100900970445931,-2.89,-12.9,2.31,0.5052011014466912,0.47058823529411764,0.05555555555555555,1.0,0.1000111495149961
scaffold,4,101,train,7175,3724,-2.716289841189665,-2.56,-11.4,2.5,,,,,0.7999777009700078
scaffold,4,101,validation,897,463,-2.7664395110532887,-2.7,-10.4,2.44,0.5082931438610401,0.5,0.045454545454545456,1.0,0.1000111495149961
scaffold,5,137,test,897,464,-3.1500803285137122,-2.88,-12.9,2.39,0.5012372149331565,0.46153846153846156,0.041666666666666664,1.0,0.1000111495149961
scaffold,5,137,train,7175,3723,-2.673106949063547,-2.51,-11.0,2.5,,,,,0.7999777009700078
scaffold,5,137,validation,897,464,-3.0626751485316612,-3.0885648226,-11.4,2.44,0.5110191740313657,0.4925373134328358,0.047619047619047616,1.0,0.1000111495149961
