external_id,external_task,measurement_quality,compound_name,original_smiles,structure_status,canonical_smiles_full,canonical_smiles_parent,full_inchi_key,parent_inchi_key,molecule_id,murcko_scaffold,fragment_count,has_multiple_fragments,formal_charge_full,heavy_atom_count_parent,molecular_weight_parent
mol-001ii,sc2019_tight,tight,Acetazolamide,CC(=O)Nc1nnc(S(N)(=O)=O)s1,ok,CC(=O)Nc1nnc(S(N)(=O)=O)s1,CC(=O)Nc1nnc(S(N)(=O)=O)s1,BZKPWHYZMXOIDC-UHFFFAOYSA-N,BZKPWHYZMXOIDC-UHFFFAOYSA-N,BZKPWHYZMXOIDC-UHFFFAOYSA-N,c1nncs1,1,False,0,13,222.251
mol-002ii,sc2019_tight,tight,Acetylsalicylic_Acid,CC(=O)Oc1ccccc1C(=O)O,ok,CC(=O)Oc1ccccc1C(=O)O,CC(=O)Oc1ccccc1C(=O)O,BSYNRYMUTXBXSQ-UHFFFAOYSA-N,BSYNRYMUTXBXSQ-UHFFFAOYSA-N,BSYNRYMUTXBXSQ-UHFFFAOYSA-N,c1ccccc1,1,False,0,13,180.15899999999996
mol-003ii,sc2019_tight,tight,Alclofenac,C=CCOc1ccc(CC(=O)O)cc1Cl,ok,C=CCOc1ccc(CC(=O)O)cc1Cl,C=CCOc1ccc(CC(=O)O)cc1Cl,ARHWPKZXBHOEEE-UHFFFAOYSA-N,ARHWPKZXBHOEEE-UHFFFAOYSA-N,ARHWPKZXBHOEEE-UHFFFAOYSA-N,c1ccccc1,1,False,0,15,226.659
mol-004ii,sc2019_tight,tight,Ambroxol,Nc1c(Br)cc(Br)cc1CN[C@H]1CC[C@H](O)CC1,ok,Nc1c(Br)cc(Br)cc1CN[C@H]1CC[C@H](O)CC1,Nc1c(Br)cc(Br)cc1CN[C@H]1CC[C@H](O)CC1,JBDGDEWWOUBZPM-XYPYZODXSA-N,JBDGDEWWOUBZPM-XYPYZODXSA-N,JBDGDEWWOUBZPM-XYPYZODXSA-N,c1ccc(CNC2CCCCC2)cc1,1,False,0,18,378.10800000000023
mol-005ii,sc2019_tight,tight,Aripiprazole,O=C1CCc2ccc(OCCCCN3CCN(c4cccc(Cl)c4Cl)CC3)cc2N1,ok,O=C1CCc2ccc(OCCCCN3CCN(c4cccc(Cl)c4Cl)CC3)cc2N1,O=C1CCc2ccc(OCCCCN3CCN(c4cccc(Cl)c4Cl)CC3)cc2N1,CEUORZQYGODEFX-UHFFFAOYSA-N,CEUORZQYGODEFX-UHFFFAOYSA-N,CEUORZQYGODEFX-UHFFFAOYSA-N,O=C1CCc2ccc(OCCCCN3CCN(c4ccccc4)CC3)cc2N1,1,False,0,30,448.39400000000006
mol-006ii,sc2019_tight,tight,Atovaquone,O=C1C(O)=C(C2CCC(c3ccc(Cl)cc3)CC2)C(=O)c2ccccc21,ok,O=C1C(O)=C(C2CCC(c3ccc(Cl)cc3)CC2)C(=O)c2ccccc21,O=C1C(O)=C(C2CCC(c3ccc(Cl)cc3)CC2)C(=O)c2ccccc21,KUCQYCKVKVOKAY-UHFFFAOYSA-N,KUCQYCKVKVOKAY-UHFFFAOYSA-N,KUCQYCKVKVOKAY-UHFFFAOYSA-N,O=C1C=C(C2CCC(c3ccccc3)CC2)C(=O)c2ccccc21,1,False,0,26,366.84400000000016
mol-007ii,sc2019_tight,tight,Atrazine,CCNc1nc(Cl)nc(NC(C)C)n1,ok,CCNc1nc(Cl)nc(NC(C)C)n1,CCNc1nc(Cl)nc(NC(C)C)n1,MXWJVTOOROXGIU-UHFFFAOYSA-N,MXWJVTOOROXGIU-UHFFFAOYSA-N,MXWJVTOOROXGIU-UHFFFAOYSA-N,c1ncncn1,1,False,0,14,215.68800000000002
mol-008ii,sc2019_tight,tight,Baclofen,NCC(CC(=O)O)c1ccc(Cl)cc1,ok,NCC(CC(=O)O)c1ccc(Cl)cc1,NCC(CC(=O)O)c1ccc(Cl)cc1,KPYSYYIEGFHWSV-UHFFFAOYSA-N,KPYSYYIEGFHWSV-UHFFFAOYSA-N,KPYSYYIEGFHWSV-UHFFFAOYSA-N,c1ccccc1,1,False,0,14,213.664
mol-009ii,sc2019_tight,tight,"Barbital,Buta-",CCC(C)C1(CC)C(=O)NC(=O)NC1=O,ok,CCC(C)C1(CC)C(=O)NC(=O)NC1=O,CCC(C)C1(CC)C(=O)NC(=O)NC1=O,ZRIHAIZYIMGOAB-UHFFFAOYSA-N,ZRIHAIZYIMGOAB-UHFFFAOYSA-N,ZRIHAIZYIMGOAB-UHFFFAOYSA-N,O=C1CC(=O)NC(=O)N1,1,False,0,15,212.249
mol-010ii,sc2019_tight,tight,Benzthiazide,NS(=O)(=O)c1cc2c(cc1Cl)NC(CSCc1ccccc1)=NS2(=O)=O,ok,NS(=O)(=O)c1cc2c(cc1Cl)NC(CSCc1ccccc1)=NS2(=O)=O,NS(=O)(=O)c1cc2c(cc1Cl)NC(CSCc1ccccc1)=NS2(=O)=O,NDTSRXAMMQDVSW-UHFFFAOYSA-N,NDTSRXAMMQDVSW-UHFFFAOYSA-N,NDTSRXAMMQDVSW-UHFFFAOYSA-N,O=S1(=O)N=C(CSCc2ccccc2)Nc2ccccc21,1,False,0,26,431.94800000000015
mol-011ii,sc2019_tight,tight,Bromazepam,O=C1CN=C(c2ccccn2)c2cc(Br)ccc2N1,ok,O=C1CN=C(c2ccccn2)c2cc(Br)ccc2N1,O=C1CN=C(c2ccccn2)c2cc(Br)ccc2N1,VMIYHDSEFNYJSL-UHFFFAOYSA-N,VMIYHDSEFNYJSL-UHFFFAOYSA-N,VMIYHDSEFNYJSL-UHFFFAOYSA-N,O=C1CN=C(c2ccccn2)c2ccccc2N1,1,False,0,19,316.15799999999996
mol-012ii,sc2019_tight,tight,Candesartan_cilexetil,CCOc1nc2cccc(C(=O)OC(C)OC(=O)OC3CCCCC3)c2n1Cc1ccc(-c2ccccc2-c2nn[nH]n2)cc1,ok,CCOc1nc2cccc(C(=O)OC(C)OC(=O)OC3CCCCC3)c2n1Cc1ccc(-c2ccccc2-c2nn[nH]n2)cc1,CCOc1nc2cccc(C(=O)OC(C)OC(=O)OC3CCCCC3)c2n1Cc1ccc(-c2ccccc2-c2nn[nH]n2)cc1,GHOSNRCGJFBJIB-UHFFFAOYSA-N,GHOSNRCGJFBJIB-UHFFFAOYSA-N,GHOSNRCGJFBJIB-UHFFFAOYSA-N,O=C(OCOC(=O)c1cccc2ncn(Cc3ccc(-c4ccccc4-c4nn[nH]n4)cc3)c12)OC1CCCCC1,1,False,0,45,610.6710000000002
mol-013ii,sc2019_tight,tight,Carbamazepine,NC(=O)N1c2ccccc2C=Cc2ccccc21,ok,NC(=O)N1c2ccccc2C=Cc2ccccc21,NC(=O)N1c2ccccc2C=Cc2ccccc21,FFGPTBGBLSHEPO-UHFFFAOYSA-N,FFGPTBGBLSHEPO-UHFFFAOYSA-N,FFGPTBGBLSHEPO-UHFFFAOYSA-N,C1=Cc2ccccc2Nc2ccccc21,1,False,0,18,236.274
mol-014ii,sc2019_tight,tight,Carbazole,c1ccc2c(c1)[nH]c1ccccc12,ok,c1ccc2c(c1)[nH]c1ccccc12,c1ccc2c(c1)[nH]c1ccccc12,UJOBWOGCFQCDNV-UHFFFAOYSA-N,UJOBWOGCFQCDNV-UHFFFAOYSA-N,UJOBWOGCFQCDNV-UHFFFAOYSA-N,c1ccc2c(c1)[nH]c1ccccc12,1,False,0,13,167.21099999999998
mol-015ii,sc2019_tight,tight,Carbendazim,COC(=O)Nc1nc2ccccc2[nH]1,ok,COC(=O)Nc1nc2ccccc2[nH]1,COC(=O)Nc1nc2ccccc2[nH]1,TWFZGCMQGLPBSX-UHFFFAOYSA-N,TWFZGCMQGLPBSX-UHFFFAOYSA-N,TWFZGCMQGLPBSX-UHFFFAOYSA-N,c1ccc2[nH]cnc2c1,1,False,0,14,191.19000000000003
mol-016ii,sc2019_tight,tight,Cefmenoxime,CO/N=C(\C(=O)N[C@@H]1C(=O)N2C(C(=O)O)=C(CSc3nnnn3C)CS[C@H]12)c1csc(N)n1,ok,CO/N=C(\C(=O)N[C@@H]1C(=O)N2C(C(=O)O)=C(CSc3nnnn3C)CS[C@H]12)c1csc(N)n1,CO/N=C(\C(=O)N[C@@H]1C(=O)N2C(C(=O)O)=C(CSc3nnnn3C)CS[C@H]12)c1csc(N)n1,HJJDBAOLQAWBMH-YCRCPZNHSA-N,HJJDBAOLQAWBMH-YCRCPZNHSA-N,HJJDBAOLQAWBMH-YCRCPZNHSA-N,N=C(C(=O)N[C@@H]1C(=O)N2C=C(CSc3nnn[nH]3)CS[C@H]12)c1cscn1,1,False,0,33,511.57100000000014
mol-017ii,sc2019_tight,tight,Cefprozil,C/C=C/C1=C(C(=O)O)N2C(=O)[C@@H](NC(=O)[C@H](N)c3ccc(O)cc3)[C@H]2SC1,ok,C/C=C/C1=C(C(=O)O)N2C(=O)[C@@H](NC(=O)[C@H](N)c3ccc(O)cc3)[C@H]2SC1,C/C=C/C1=C(C(=O)O)N2C(=O)[C@@H](NC(=O)[C@H](N)c3ccc(O)cc3)[C@H]2SC1,WDLWHQDACQUCJR-ZAMMOSSLSA-N,WDLWHQDACQUCJR-ZAMMOSSLSA-N,WDLWHQDACQUCJR-ZAMMOSSLSA-N,O=C(Cc1ccccc1)N[C@@H]1C(=O)N2C=CCS[C@H]12,1,False,0,27,389.4330000000001
mol-018ii,sc2019_tight,tight,Celecoxib,Cc1ccc(-c2cc(C(F)(F)F)nn2-c2ccc(S(N)(=O)=O)cc2)cc1,ok,Cc1ccc(-c2cc(C(F)(F)F)nn2-c2ccc(S(N)(=O)=O)cc2)cc1,Cc1ccc(-c2cc(C(F)(F)F)nn2-c2ccc(S(N)(=O)=O)cc2)cc1,RZEKVGVHFLEQIL-UHFFFAOYSA-N,RZEKVGVHFLEQIL-UHFFFAOYSA-N,RZEKVGVHFLEQIL-UHFFFAOYSA-N,c1ccc(-c2ccnn2-c2ccccc2)cc1,1,False,0,26,381.3790000000001
mol-019ii,sc2019_tight,tight,Cephradine,CC1=C(C(=O)O)N2C(=O)[C@@H](NC(=O)[C@H](N)C3=CCC=CC3)[C@H]2SC1,ok,CC1=C(C(=O)O)N2C(=O)[C@@H](NC(=O)[C@H](N)C3=CCC=CC3)[C@H]2SC1,CC1=C(C(=O)O)N2C(=O)[C@@H](NC(=O)[C@H](N)C3=CCC=CC3)[C@H]2SC1,RDLPVSKMFDYCOR-UEKVPHQBSA-N,RDLPVSKMFDYCOR-UEKVPHQBSA-N,RDLPVSKMFDYCOR-UEKVPHQBSA-N,O=C(CC1=CCC=CC1)N[C@@H]1C(=O)N2C=CCS[C@H]12,1,False,0,24,349.4120000000001
mol-020ii,sc2019_tight,tight,Chlorpropamide,CCCNC(=O)NS(=O)(=O)c1ccc(Cl)cc1,ok,CCCNC(=O)NS(=O)(=O)c1ccc(Cl)cc1,CCCNC(=O)NS(=O)(=O)c1ccc(Cl)cc1,RKWGIWYCVPQPMF-UHFFFAOYSA-N,RKWGIWYCVPQPMF-UHFFFAOYSA-N,RKWGIWYCVPQPMF-UHFFFAOYSA-N,c1ccccc1,1,False,0,17,276.745
mol-021ii,sc2019_tight,tight,"Cholic_Acid,Deoxy-",C[C@H](CCC(=O)O)[C@H]1CC[C@H]2[C@@H]3CC[C@@H]4C[C@H](O)CC[C@]4(C)[C@H]3C[C@H](O)[C@@]21C,ok,C[C@H](CCC(=O)O)[C@H]1CC[C@H]2[C@@H]3CC[C@@H]4C[C@H](O)CC[C@]4(C)[C@H]3C[C@H](O)[C@]12C,C[C@H](CCC(=O)O)[C@H]1CC[C@H]2[C@@H]3CC[C@@H]4C[C@H](O)CC[C@]4(C)[C@H]3C[C@H](O)[C@]12C,KXGVEGMKQFWNSR-LLQZFEROSA-N,KXGVEGMKQFWNSR-LLQZFEROSA-N,KXGVEGMKQFWNSR-LLQZFEROSA-N,C1CC[C@H]2CC[C@H]3[C@@H]4CCCC4CC[C@@H]3C2C1,1,False,0,28,392.58000000000015
mol-022ii,sc2019_tight,tight,Cilostazol,O=C1CCc2cc(OCCCCc3nnnn3C3CCCCC3)ccc2N1,ok,O=C1CCc2cc(OCCCCc3nnnn3C3CCCCC3)ccc2N1,O=C1CCc2cc(OCCCCc3nnnn3C3CCCCC3)ccc2N1,RRGUKTPIGVIEKM-UHFFFAOYSA-N,RRGUKTPIGVIEKM-UHFFFAOYSA-N,RRGUKTPIGVIEKM-UHFFFAOYSA-N,O=C1CCc2cc(OCCCCc3nnnn3C3CCCCC3)ccc2N1,1,False,0,27,369.4690000000002
mol-023ii,sc2019_tight,tight,Cimetidine,CN=C(NC#N)NCCSCc1nc[nH]c1C,ok,CN=C(NC#N)NCCSCc1nc[nH]c1C,CN=C(NC#N)NCCSCc1nc[nH]c1C,AQIXAKUUQRKLND-UHFFFAOYSA-N,AQIXAKUUQRKLND-UHFFFAOYSA-N,AQIXAKUUQRKLND-UHFFFAOYSA-N,c1c[nH]cn1,1,False,0,17,252.347
mol-024ii,sc2019_tight,tight,Ciprofloxacin,O=C(O)c1cn(C2CC2)c2cc(N3CCNCC3)c(F)cc2c1=O,ok,O=C(O)c1cn(C2CC2)c2cc(N3CCNCC3)c(F)cc2c1=O,O=C(O)c1cn(C2CC2)c2cc(N3CCNCC3)c(F)cc2c1=O,MYSWGUAQZAJSOK-UHFFFAOYSA-N,MYSWGUAQZAJSOK-UHFFFAOYSA-N,MYSWGUAQZAJSOK-UHFFFAOYSA-N,O=c1ccn(C2CC2)c2cc(N3CCNCC3)ccc12,1,False,0,24,331.34700000000004
mol-025ii,sc2019_tight,tight,Cisapride,COc1cc(N)c(Cl)cc1C(=O)NC1CCN(CCCOc2ccc(F)cc2)CC1OC,ok,COc1cc(N)c(Cl)cc1C(=O)NC1CCN(CCCOc2ccc(F)cc2)CC1OC,COc1cc(N)c(Cl)cc1C(=O)NC1CCN(CCCOc2ccc(F)cc2)CC1OC,DCSUBABJRXZOMT-UHFFFAOYSA-N,DCSUBABJRXZOMT-UHFFFAOYSA-N,DCSUBABJRXZOMT-UHFFFAOYSA-N,O=C(NC1CCN(CCCOc2ccccc2)CC1)c1ccccc1,1,False,0,32,465.9530000000003
mol-026ii,sc2019_tight,tight,Corticosterone,C[C@]12C[C@H](O)[C@H]3[C@@H](CCC4=CC(=O)CC[C@@]43C)[C@@H]1CC[C@@H]2C(=O)CO,ok,C[C@]12C[C@H](O)[C@H]3[C@@H](CCC4=CC(=O)CC[C@@]43C)[C@@H]1CC[C@@H]2C(=O)CO,C[C@]12C[C@H](O)[C@H]3[C@@H](CCC4=CC(=O)CC[C@@]43C)[C@@H]1CC[C@@H]2C(=O)CO,OMFXVFTZEKFJBZ-HJTSIMOOSA-N,OMFXVFTZEKFJBZ-HJTSIMOOSA-N,OMFXVFTZEKFJBZ-HJTSIMOOSA-N,O=C1C=C2CC[C@H]3[C@@H]4CCCC4CC[C@@H]3C2CC1,1,False,0,25,346.46700000000016
mol-027ii,sc2019_tight,tight,Cortisone_Acetate,CC(=O)OCC(=O)[C@@]1(O)CC[C@H]2[C@@H]3CCC4=CC(=O)CC[C@]4(C)[C@H]3C(=O)C[C@@]21C,ok,CC(=O)OCC(=O)[C@@]1(O)CC[C@H]2[C@@H]3CCC4=CC(=O)CC[C@]4(C)[C@H]3C(=O)C[C@@]21C,CC(=O)OCC(=O)[C@@]1(O)CC[C@H]2[C@@H]3CCC4=CC(=O)CC[C@]4(C)[C@H]3C(=O)C[C@@]21C,ITRJWOMZKQRYTA-RFZYENFJSA-N,ITRJWOMZKQRYTA-RFZYENFJSA-N,ITRJWOMZKQRYTA-RFZYENFJSA-N,O=C1C=C2CC[C@H]3[C@@H]4CCCC4CC(=O)[C@@H]3C2CC1,1,False,0,29,402.48700000000025
mol-028ii,sc2019_tight,tight,Cyclosporine_A,CC=CCC(C)C(O)C1C(=O)NC(CC)C(=O)N(C)CC(=O)N(C)C(CC(C)C)C(=O)NC(C(C)C)C(=O)N(C)C(CC(C)C)C(=O)NC(C)C(=O)NC(C)C(=O)N(C)C(CC(C)C)C(=O)N(C)C(CC(C)C)C(=O)N(C)C(C(C)C)C(=O)N1C,ok,CC=CCC(C)C(O)C1C(=O)NC(CC)C(=O)N(C)CC(=O)N(C)C(CC(C)C)C(=O)NC(C(C)C)C(=O)N(C)C(CC(C)C)C(=O)NC(C)C(=O)NC(C)C(=O)N(C)C(CC(C)C)C(=O)N(C)C(CC(C)C)C(=O)N(C)C(C(C)C)C(=O)N1C,CC=CCC(C)C(O)C1C(=O)NC(CC)C(=O)N(C)CC(=O)N(C)C(CC(C)C)C(=O)NC(C(C)C)C(=O)N(C)C(CC(C)C)C(=O)NC(C)C(=O)NC(C)C(=O)N(C)C(CC(C)C)C(=O)N(C)C(CC(C)C)C(=O)N(C)C(C(C)C)C(=O)N1C,PMATZTZNYRCHOR-UHFFFAOYSA-N,PMATZTZNYRCHOR-UHFFFAOYSA-N,PMATZTZNYRCHOR-UHFFFAOYSA-N,O=C1CNC(=O)CNC(=O)CNC(=O)CNC(=O)CNC(=O)CNC(=O)CNC(=O)CNC(=O)CNC(=O)CNC(=O)CN1,1,False,0,85,1202.634999999999
mol-029ii,sc2019_tight,tight,Daidzein,O=c1c(-c2ccc(O)cc2)coc2cc(O)ccc12,ok,O=c1c(-c2ccc(O)cc2)coc2cc(O)ccc12,O=c1c(-c2ccc(O)cc2)coc2cc(O)ccc12,ZQSIJRDFPHDXIC-UHFFFAOYSA-N,ZQSIJRDFPHDXIC-UHFFFAOYSA-N,ZQSIJRDFPHDXIC-UHFFFAOYSA-N,O=c1c(-c2ccccc2)coc2ccccc12,1,False,0,19,254.24099999999999
mol-030ii,sc2019_tight,tight,Desipramine,CNCCCN1c2ccccc2CCc2ccccc21,ok,CNCCCN1c2ccccc2CCc2ccccc21,CNCCCN1c2ccccc2CCc2ccccc21,HCYAFALTSJYZDH-UHFFFAOYSA-N,HCYAFALTSJYZDH-UHFFFAOYSA-N,HCYAFALTSJYZDH-UHFFFAOYSA-N,c1ccc2c(c1)CCc1ccccc1N2,1,False,0,20,266.388
mol-031ii,sc2019_tight,tight,Dexamethasone,C[C@@H]1C[C@H]2[C@@H]3CCC4=CC(=O)C=C[C@]4(C)[C@@]3(F)[C@@H](O)C[C@]2(C)[C@@]1(O)C(=O)CO,ok,C[C@@H]1C[C@H]2[C@@H]3CCC4=CC(=O)C=C[C@]4(C)[C@@]3(F)[C@@H](O)C[C@]2(C)[C@@]1(O)C(=O)CO,C[C@@H]1C[C@H]2[C@@H]3CCC4=CC(=O)C=C[C@]4(C)[C@@]3(F)[C@@H](O)C[C@]2(C)[C@@]1(O)C(=O)CO,UREBDLICKHMUKA-CXSFZGCWSA-N,UREBDLICKHMUKA-CXSFZGCWSA-N,UREBDLICKHMUKA-CXSFZGCWSA-N,O=C1C=CC2C(=C1)CC[C@@H]1C2CCC2CCC[C@H]21,1,False,0,28,392.4670000000002
mol-032ii,sc2019_tight,tight,Diazoxide,CC1=NS(=O)(=O)c2cc(Cl)ccc2N1,ok,CC1=NS(=O)(=O)c2cc(Cl)ccc2N1,CC1=NS(=O)(=O)c2cc(Cl)ccc2N1,GDLBFKVLRPITMI-UHFFFAOYSA-N,GDLBFKVLRPITMI-UHFFFAOYSA-N,GDLBFKVLRPITMI-UHFFFAOYSA-N,O=S1(=O)N=CNc2ccccc21,1,False,0,14,230.67600000000002
mol-033ii,sc2019_tight,tight,Diclofenac,O=C(O)Cc1ccccc1Nc1c(Cl)cccc1Cl,ok,O=C(O)Cc1ccccc1Nc1c(Cl)cccc1Cl,O=C(O)Cc1ccccc1Nc1c(Cl)cccc1Cl,DCOPUUMXTXDBNB-UHFFFAOYSA-N,DCOPUUMXTXDBNB-UHFFFAOYSA-N,DCOPUUMXTXDBNB-UHFFFAOYSA-N,c1ccc(Nc2ccccc2)cc1,1,False,0,19,296.153
mol-034ii,sc2019_tight,tight,Diflorasone_Diacetate,CC(=O)OCC(=O)[C@@]1(OC(C)=O)[C@@H](C)C[C@H]2[C@@H]3C[C@H](F)C4=CC(=O)C=C[C@]4(C)[C@@]3(F)[C@@H](O)C[C@@]21C,ok,CC(=O)OCC(=O)[C@@]1(OC(C)=O)[C@@H](C)C[C@H]2[C@@H]3C[C@H](F)C4=CC(=O)C=C[C@]4(C)[C@@]3(F)[C@@H](O)C[C@@]21C,CC(=O)OCC(=O)[C@@]1(OC(C)=O)[C@@H](C)C[C@H]2[C@@H]3C[C@H](F)C4=CC(=O)C=C[C@]4(C)[C@@]3(F)[C@@H](O)C[C@@]21C,BOBLHFUVNSFZPJ-JOYXJVLSSA-N,BOBLHFUVNSFZPJ-JOYXJVLSSA-N,BOBLHFUVNSFZPJ-JOYXJVLSSA-N,O=C1C=CC2C(=C1)CC[C@@H]1C2CCC2CCC[C@H]21,1,False,0,35,494.53100000000023
mol-035ii,sc2019_tight,tight,Difloxacin,CN1CCN(c2cc3c(cc2F)c(=O)c(C(=O)O)cn3-c2ccc(F)cc2)CC1,ok,CN1CCN(c2cc3c(cc2F)c(=O)c(C(=O)O)cn3-c2ccc(F)cc2)CC1,CN1CCN(c2cc3c(cc2F)c(=O)c(C(=O)O)cn3-c2ccc(F)cc2)CC1,NOCJXYPHIIZEHN-UHFFFAOYSA-N,NOCJXYPHIIZEHN-UHFFFAOYSA-N,NOCJXYPHIIZEHN-UHFFFAOYSA-N,O=c1ccn(-c2ccccc2)c2cc(N3CCNCC3)ccc12,1,False,0,29,399.3970000000001
mol-036ii,sc2019_tight,tight,Diltiazem,COc1ccc([C@@H]2Sc3ccccc3N(CCN(C)C)C(=O)[C@@H]2OC(C)=O)cc1,ok,COc1ccc([C@@H]2Sc3ccccc3N(CCN(C)C)C(=O)[C@@H]2OC(C)=O)cc1,COc1ccc([C@@H]2Sc3ccccc3N(CCN(C)C)C(=O)[C@@H]2OC(C)=O)cc1,HSUGRBWQSSZJOP-RTWAWAEBSA-N,HSUGRBWQSSZJOP-RTWAWAEBSA-N,HSUGRBWQSSZJOP-RTWAWAEBSA-N,O=C1C[C@H](c2ccccc2)Sc2ccccc2N1,1,False,0,29,414.52700000000016
mol-037ii,sc2019_tight,tight,Diphenylamine,c1ccc(Nc2ccccc2)cc1,ok,c1ccc(Nc2ccccc2)cc1,c1ccc(Nc2ccccc2)cc1,DMBHHRLKUKUOEG-UHFFFAOYSA-N,DMBHHRLKUKUOEG-UHFFFAOYSA-N,DMBHHRLKUKUOEG-UHFFFAOYSA-N,c1ccc(Nc2ccccc2)cc1,1,False,0,13,169.227
mol-038ii,sc2019_tight,tight,"DOPA,L-",N[C@@H](Cc1ccc(O)c(O)c1)C(=O)O,ok,N[C@@H](Cc1ccc(O)c(O)c1)C(=O)O,N[C@@H](Cc1ccc(O)c(O)c1)C(=O)O,WTDRDQBEARUVNC-LURJTMIESA-N,WTDRDQBEARUVNC-LURJTMIESA-N,WTDRDQBEARUVNC-LURJTMIESA-N,c1ccccc1,1,False,0,14,197.18999999999997
mol-039ii,sc2019_tight,tight,Enalapril,CCOC(=O)[C@H](CCc1ccccc1)N[C@@H](C)C(=O)N1CCC[C@H]1C(=O)O,ok,CCOC(=O)[C@H](CCc1ccccc1)N[C@@H](C)C(=O)N1CCC[C@H]1C(=O)O,CCOC(=O)[C@H](CCc1ccccc1)N[C@@H](C)C(=O)N1CCC[C@H]1C(=O)O,GBXSMTUPTTWBMN-XIRDDKMYSA-N,GBXSMTUPTTWBMN-XIRDDKMYSA-N,GBXSMTUPTTWBMN-XIRDDKMYSA-N,O=C(CNCCCc1ccccc1)N1CCCC1,1,False,0,27,376.45300000000026
mol-040ii,sc2019_tight,tight,"Estradiol,17?-",C[C@]12CC[C@@H]3c4ccc(O)cc4CC[C@H]3[C@@H]1CC[C@H]2O,ok,C[C@]12CC[C@@H]3c4ccc(O)cc4CC[C@H]3[C@@H]1CC[C@H]2O,C[C@]12CC[C@@H]3c4ccc(O)cc4CC[C@H]3[C@@H]1CC[C@H]2O,VOXZDWNPVJITMN-SFFUCWETSA-N,VOXZDWNPVJITMN-SFFUCWETSA-N,VOXZDWNPVJITMN-SFFUCWETSA-N,c1ccc2c(c1)CC[C@@H]1[C@@H]2CCC2CCC[C@H]21,1,False,0,20,272.3879999999999
mol-041ii,sc2019_tight,tight,Estrone,C[C@]12CC[C@@H]3c4ccc(O)cc4CC[C@H]3[C@@H]1CCC2=O,ok,C[C@]12CC[C@@H]3c4ccc(O)cc4CC[C@H]3[C@@H]1CCC2=O,C[C@]12CC[C@@H]3c4ccc(O)cc4CC[C@H]3[C@@H]1CCC2=O,DNXHEGUUPJUMQT-CBZIJGRNSA-N,DNXHEGUUPJUMQT-CBZIJGRNSA-N,DNXHEGUUPJUMQT-CBZIJGRNSA-N,O=C1CC[C@@H]2C1CC[C@@H]1c3ccccc3CC[C@H]12,1,False,0,20,270.37199999999996
mol-042ii,sc2019_tight,tight,Ethoxzolamide,CCOc1ccc2nc(S(N)(=O)=O)sc2c1,ok,CCOc1ccc2nc(S(N)(=O)=O)sc2c1,CCOc1ccc2nc(S(N)(=O)=O)sc2c1,OUZWUKMCLIBBOG-UHFFFAOYSA-N,OUZWUKMCLIBBOG-UHFFFAOYSA-N,OUZWUKMCLIBBOG-UHFFFAOYSA-N,c1ccc2scnc2c1,1,False,0,16,258.32399999999996
mol-043ii,sc2019_tight,tight,Etoposide,COc1cc([C@@H]2c3cc4c(cc3[C@@H](O[C@@H]3O[C@@H]5CO[C@@H](C)O[C@H]5[C@H](O)[C@H]3O)C3COC(=O)[C@@H]32)OCO4)cc(OC)c1O,ok,COc1cc([C@@H]2c3cc4c(cc3[C@@H](O[C@@H]3O[C@@H]5CO[C@@H](C)O[C@H]5[C@H](O)[C@H]3O)C3COC(=O)[C@@H]32)OCO4)cc(OC)c1O,COc1cc([C@@H]2c3cc4c(cc3[C@@H](O[C@@H]3O[C@@H]5CO[C@@H](C)O[C@H]5[C@H](O)[C@H]3O)C3COC(=O)[C@@H]32)OCO4)cc(OC)c1O,VJJPUSNTGOMMGY-MRAJQDPKSA-N,VJJPUSNTGOMMGY-MRAJQDPKSA-N,VJJPUSNTGOMMGY-MRAJQDPKSA-N,O=C1OCC2[C@H](O[C@H]3CC[C@@H]4OCOC[C@H]4O3)c3cc4c(cc3[C@@H](c3ccccc3)[C@@H]12)OCO4,1,False,0,42,588.5620000000004
mol-044ii,sc2019_tight,tight,Eucalyptol,CC12CCC(CC1)C(C)(C)O2,ok,CC12CCC(CC1)C(C)(C)O2,CC12CCC(CC1)C(C)(C)O2,WEEGYLXZBRQIMU-UHFFFAOYSA-N,WEEGYLXZBRQIMU-UHFFFAOYSA-N,WEEGYLXZBRQIMU-UHFFFAOYSA-N,C1CC2CCC1CO2,1,False,0,11,154.253
mol-045ii,sc2019_tight,tight,Fenbufen,O=C(O)CCC(=O)c1ccc(-c2ccccc2)cc1,ok,O=C(O)CCC(=O)c1ccc(-c2ccccc2)cc1,O=C(O)CCC(=O)c1ccc(-c2ccccc2)cc1,ZPAKPRAICRBAOD-UHFFFAOYSA-N,ZPAKPRAICRBAOD-UHFFFAOYSA-N,ZPAKPRAICRBAOD-UHFFFAOYSA-N,c1ccc(-c2ccccc2)cc1,1,False,0,19,254.28500000000003
mol-046ii,sc2019_tight,tight,Flumequine,CC1CCc2cc(F)cc3c(=O)c(C(=O)O)cn1c23,ok,CC1CCc2cc(F)cc3c(=O)c(C(=O)O)cn1c23,CC1CCc2cc(F)cc3c(=O)c(C(=O)O)cn1c23,DPSPPJIUMHPXMA-UHFFFAOYSA-N,DPSPPJIUMHPXMA-UHFFFAOYSA-N,DPSPPJIUMHPXMA-UHFFFAOYSA-N,O=c1ccn2c3c(cccc13)CCC2,1,False,0,19,261.252
mol-047ii,sc2019_tight,tight,Flurbiprofen,CC(C(=O)O)c1ccc(-c2ccccc2)c(F)c1,ok,CC(C(=O)O)c1ccc(-c2ccccc2)c(F)c1,CC(C(=O)O)c1ccc(-c2ccccc2)c(F)c1,SYTBZMRGLBWNTM-UHFFFAOYSA-N,SYTBZMRGLBWNTM-UHFFFAOYSA-N,SYTBZMRGLBWNTM-UHFFFAOYSA-N,c1ccc(-c2ccccc2)cc1,1,False,0,18,244.265
mol-048ii,sc2019_tight,tight,Folic_Acid,Nc1nc(=O)c2nc(CNc3ccc(C(=O)N[C@@H](CCC(=O)O)C(=O)O)cc3)cnc2[nH]1,ok,Nc1nc(=O)c2nc(CNc3ccc(C(=O)N[C@@H](CCC(=O)O)C(=O)O)cc3)cnc2[nH]1,Nc1nc(=O)c2nc(CNc3ccc(C(=O)N[C@@H](CCC(=O)O)C(=O)O)cc3)cnc2[nH]1,OVBPIULPVIDEAO-LBPRGKRZSA-N,OVBPIULPVIDEAO-LBPRGKRZSA-N,OVBPIULPVIDEAO-LBPRGKRZSA-N,O=c1nc[nH]c2ncc(CNc3ccccc3)nc12,1,False,0,32,441.40400000000017
mol-049ii,sc2019_tight,tight,Ganciclovir,Nc1nc(=O)c2ncn(COC(CO)CO)c2[nH]1,ok,Nc1nc(=O)c2ncn(COC(CO)CO)c2[nH]1,Nc1nc(=O)c2ncn(COC(CO)CO)c2[nH]1,IRSCQMHQWWYFCW-UHFFFAOYSA-N,IRSCQMHQWWYFCW-UHFFFAOYSA-N,IRSCQMHQWWYFCW-UHFFFAOYSA-N,O=c1nc[nH]c2[nH]cnc12,1,False,0,18,255.23399999999998
mol-050ii,sc2019_tight,tight,Glipizide,Cc1cnc(C(=O)NCCc2ccc(S(=O)(=O)NC(=O)NC3CCCCC3)cc2)cn1,ok,Cc1cnc(C(=O)NCCc2ccc(S(=O)(=O)NC(=O)NC3CCCCC3)cc2)cn1,Cc1cnc(C(=O)NCCc2ccc(S(=O)(=O)NC(=O)NC3CCCCC3)cc2)cn1,ZJJXGWJIGJFDTL-UHFFFAOYSA-N,ZJJXGWJIGJFDTL-UHFFFAOYSA-N,ZJJXGWJIGJFDTL-UHFFFAOYSA-N,O=C(NC1CCCCC1)NS(=O)(=O)c1ccc(CCNC(=O)c2cnccn2)cc1,1,False,0,31,445.54500000000024
mol-051ii,sc2019_tight,tight,Griseofulvin,COC1=CC(=O)C[C@@H](C)[C@]12Oc1c(Cl)c(OC)cc(OC)c1C2=O,ok,COC1=CC(=O)C[C@@H](C)[C@]12Oc1c(Cl)c(OC)cc(OC)c1C2=O,COC1=CC(=O)C[C@@H](C)[C@]12Oc1c(Cl)c(OC)cc(OC)c1C2=O,DDUHZTYCFQRHIY-RBHXEPJQSA-N,DDUHZTYCFQRHIY-RBHXEPJQSA-N,DDUHZTYCFQRHIY-RBHXEPJQSA-N,O=C1C=C[C@]2(CC1)Oc1ccccc1C2=O,1,False,0,24,352.7700000000001
mol-052ii,sc2019_tight,tight,Haloperidol,O=C(CCCN1CCC(O)(c2ccc(Cl)cc2)CC1)c1ccc(F)cc1,ok,O=C(CCCN1CCC(O)(c2ccc(Cl)cc2)CC1)c1ccc(F)cc1,O=C(CCCN1CCC(O)(c2ccc(Cl)cc2)CC1)c1ccc(F)cc1,LNEPOXFFQSENCJ-UHFFFAOYSA-N,LNEPOXFFQSENCJ-UHFFFAOYSA-N,LNEPOXFFQSENCJ-UHFFFAOYSA-N,O=C(CCCN1CCC(c2ccccc2)CC1)c1ccccc1,1,False,0,26,375.87100000000015
mol-053ii,sc2019_tight,tight,Ibrutinib,C=CC(=O)N1CCC[C@@H](n2nc(-c3ccc(Oc4ccccc4)cc3)c3c(N)ncnc32)C1,ok,C=CC(=O)N1CCC[C@@H](n2nc(-c3ccc(Oc4ccccc4)cc3)c3c(N)ncnc32)C1,C=CC(=O)N1CCC[C@@H](n2nc(-c3ccc(Oc4ccccc4)cc3)c3c(N)ncnc32)C1,XYFPWWZEPKGCCK-GOSISDBHSA-N,XYFPWWZEPKGCCK-GOSISDBHSA-N,XYFPWWZEPKGCCK-GOSISDBHSA-N,c1ccc(Oc2ccc(-c3nn([C@@H]4CCCNC4)c4ncncc34)cc2)cc1,1,False,0,33,440.5070000000002
mol-054ii,sc2019_tight,tight,Indinavir,CC(C)(C)NC(=O)[C@@H]1CN(Cc2cccnc2)CCN1C[C@@H](O)C[C@@H](Cc1ccccc1)C(=O)N[C@H]1c2ccccc2C[C@H]1O,ok,CC(C)(C)NC(=O)[C@@H]1CN(Cc2cccnc2)CCN1C[C@@H](O)C[C@@H](Cc1ccccc1)C(=O)N[C@H]1c2ccccc2C[C@H]1O,CC(C)(C)NC(=O)[C@@H]1CN(Cc2cccnc2)CCN1C[C@@H](O)C[C@@H](Cc1ccccc1)C(=O)N[C@H]1c2ccccc2C[C@H]1O,CBVCZFGXHXORBI-PXQQMZJSSA-N,CBVCZFGXHXORBI-PXQQMZJSSA-N,CBVCZFGXHXORBI-PXQQMZJSSA-N,O=C(N[C@@H]1CCc2ccccc21)[C@@H](CCCN1CCN(Cc2cccnc2)CC1)Cc1ccccc1,1,False,0,45,613.8030000000003
mol-055ii,sc2019_tight,tight,Indomethacin,COc1ccc2c(c1)c(CC(=O)O)c(C)n2C(=O)c1ccc(Cl)cc1,ok,COc1ccc2c(c1)c(CC(=O)O)c(C)n2C(=O)c1ccc(Cl)cc1,COc1ccc2c(c1)c(CC(=O)O)c(C)n2C(=O)c1ccc(Cl)cc1,CGIGDMFJXJATDK-UHFFFAOYSA-N,CGIGDMFJXJATDK-UHFFFAOYSA-N,CGIGDMFJXJATDK-UHFFFAOYSA-N,O=C(c1ccccc1)n1ccc2ccccc21,1,False,0,25,357.793
mol-056ii,sc2019_tight,tight,Indoprofen,CC(C(=O)O)c1ccc(N2Cc3ccccc3C2=O)cc1,ok,CC(C(=O)O)c1ccc(N2Cc3ccccc3C2=O)cc1,CC(C(=O)O)c1ccc(N2Cc3ccccc3C2=O)cc1,RJMIEHBSYVWVIN-UHFFFAOYSA-N,RJMIEHBSYVWVIN-UHFFFAOYSA-N,RJMIEHBSYVWVIN-UHFFFAOYSA-N,O=C1c2ccccc2CN1c1ccccc1,1,False,0,21,281.311
mol-057ii,sc2019_tight,tight,Ketoconazole,CC(=O)N1CCN(c2ccc(OC[C@H]3CO[C@](Cn4ccnc4)(c4ccc(Cl)cc4Cl)O3)cc2)CC1,ok,CC(=O)N1CCN(c2ccc(OC[C@H]3CO[C@](Cn4ccnc4)(c4ccc(Cl)cc4Cl)O3)cc2)CC1,CC(=O)N1CCN(c2ccc(OC[C@H]3CO[C@](Cn4ccnc4)(c4ccc(Cl)cc4Cl)O3)cc2)CC1,XMAYWYJOQHXEEK-OZXSUGGESA-N,XMAYWYJOQHXEEK-OZXSUGGESA-N,XMAYWYJOQHXEEK-OZXSUGGESA-N,c1ccc([C@@]2(Cn3ccnc3)OC[C@H](COc3ccc(N4CCNCC4)cc3)O2)cc1,1,False,0,36,531.4399999999999
mol-058ii,sc2019_tight,tight,Maprotiline,CNCCCC12CCC(c3ccccc31)c1ccccc12,ok,CNCCCC12CCC(c3ccccc31)c1ccccc12,CNCCCC12CCC(c3ccccc31)c1ccccc12,QSLMDECMDJKHMQ-UHFFFAOYSA-N,QSLMDECMDJKHMQ-UHFFFAOYSA-N,QSLMDECMDJKHMQ-UHFFFAOYSA-N,c1ccc2c(c1)C1CCC2c2ccccc21,1,False,0,21,277.41100000000006
mol-059ii,sc2019_tight,tight,Metolazone,Cc1ccccc1N1C(=O)c2cc(S(N)(=O)=O)c(Cl)cc2NC1C,ok,Cc1ccccc1N1C(=O)c2cc(S(N)(=O)=O)c(Cl)cc2NC1C,Cc1ccccc1N1C(=O)c2cc(S(N)(=O)=O)c(Cl)cc2NC1C,AQCHWTWZEMGIFD-UHFFFAOYSA-N,AQCHWTWZEMGIFD-UHFFFAOYSA-N,AQCHWTWZEMGIFD-UHFFFAOYSA-N,O=C1c2ccccc2NCN1c1ccccc1,1,False,0,24,365.8420000000001
mol-060ii,sc2019_tight,tight,Nabumetone,COc1ccc2cc(CCC(C)=O)ccc2c1,ok,COc1ccc2cc(CCC(C)=O)ccc2c1,COc1ccc2cc(CCC(C)=O)ccc2c1,BLXXJMDCKKHMKV-UHFFFAOYSA-N,BLXXJMDCKKHMKV-UHFFFAOYSA-N,BLXXJMDCKKHMKV-UHFFFAOYSA-N,c1ccc2ccccc2c1,1,False,0,17,228.29099999999997
mol-061ii,sc2019_tight,tight,Naproxen,COc1ccc2cc(C(C)C(=O)O)ccc2c1,ok,COc1ccc2cc(C(C)C(=O)O)ccc2c1,COc1ccc2cc(C(C)C(=O)O)ccc2c1,CMWTZPSULFXXJA-UHFFFAOYSA-N,CMWTZPSULFXXJA-UHFFFAOYSA-N,CMWTZPSULFXXJA-UHFFFAOYSA-N,c1ccc2ccccc2c1,1,False,0,17,230.26299999999998
mol-062ii,sc2019_tight,tight,Nelfinavir,Cc1c(O)cccc1C(=O)N[C@@H](CSc1ccccc1)[C@H](O)CN1C[C@H]2CCCC[C@H]2C[C@H]1C(=O)NC(C)(C)C,ok,Cc1c(O)cccc1C(=O)N[C@@H](CSc1ccccc1)[C@H](O)CN1C[C@H]2CCCC[C@H]2C[C@H]1C(=O)NC(C)(C)C,Cc1c(O)cccc1C(=O)N[C@@H](CSc1ccccc1)[C@H](O)CN1C[C@H]2CCCC[C@H]2C[C@H]1C(=O)NC(C)(C)C,QAGYKUNXZHXKMR-HKWSIXNMSA-N,QAGYKUNXZHXKMR-HKWSIXNMSA-N,QAGYKUNXZHXKMR-HKWSIXNMSA-N,O=C(N[C@H](CCN1CC[C@@H]2CCCC[C@@H]2C1)CSc1ccccc1)c1ccccc1,1,False,0,40,567.7960000000003
mol-063ii,sc2019_tight,tight,Nevirapine,Cc1ccnc2c1NC(=O)c1cccnc1N2C1CC1,ok,Cc1ccnc2c1NC(=O)c1cccnc1N2C1CC1,Cc1ccnc2c1NC(=O)c1cccnc1N2C1CC1,NQDJXKOVJZTUJA-UHFFFAOYSA-N,NQDJXKOVJZTUJA-UHFFFAOYSA-N,NQDJXKOVJZTUJA-UHFFFAOYSA-N,O=C1Nc2cccnc2N(C2CC2)c2ncccc21,1,False,0,20,266.30400000000003
mol-064ii,sc2019_tight,tight,Nifedipine,COC(=O)C1=C(C)NC(C)=C(C(=O)OC)C1c1ccccc1[N+](=O)[O-],ok,COC(=O)C1=C(C)NC(C)=C(C(=O)OC)C1c1ccccc1[N+](=O)[O-],COC(=O)C1=C(C)NC(C)=C(C(=O)OC)C1c1ccccc1[N+](=O)[O-],HYIMSNHJOBLJNT-UHFFFAOYSA-N,HYIMSNHJOBLJNT-UHFFFAOYSA-N,HYIMSNHJOBLJNT-UHFFFAOYSA-N,C1=CC(c2ccccc2)C=CN1,1,False,0,25,346.33900000000006
mol-065ii,sc2019_tight,tight,Nimesulide,CS(=O)(=O)Nc1ccc([N+](=O)[O-])cc1Oc1ccccc1,ok,CS(=O)(=O)Nc1ccc([N+](=O)[O-])cc1Oc1ccccc1,CS(=O)(=O)Nc1ccc([N+](=O)[O-])cc1Oc1ccccc1,HYWYRSMBCFDLJT-UHFFFAOYSA-N,HYWYRSMBCFDLJT-UHFFFAOYSA-N,HYWYRSMBCFDLJT-UHFFFAOYSA-N,c1ccc(Oc2ccccc2)cc1,1,False,0,21,308.315
mol-066ii,sc2019_tight,tight,Norfloxacin,CCn1cc(C(=O)O)c(=O)c2cc(F)c(N3CCNCC3)cc21,ok,CCn1cc(C(=O)O)c(=O)c2cc(F)c(N3CCNCC3)cc21,CCn1cc(C(=O)O)c(=O)c2cc(F)c(N3CCNCC3)cc21,OGJPXUAPXNRGGI-UHFFFAOYSA-N,OGJPXUAPXNRGGI-UHFFFAOYSA-N,OGJPXUAPXNRGGI-UHFFFAOYSA-N,O=c1cc[nH]c2cc(N3CCNCC3)ccc12,1,False,0,23,319.336
mol-067ii,sc2019_tight,tight,Nortriptyline,CNCCC=C1c2ccccc2CCc2ccccc21,ok,CNCCC=C1c2ccccc2CCc2ccccc21,CNCCC=C1c2ccccc2CCc2ccccc21,PHVGLTMQBUFIQQ-UHFFFAOYSA-N,PHVGLTMQBUFIQQ-UHFFFAOYSA-N,PHVGLTMQBUFIQQ-UHFFFAOYSA-N,C=C1c2ccccc2CCc2ccccc21,1,False,0,20,263.38399999999996
mol-068ii,sc2019_tight,tight,Noscapine,COc1ccc2c(c1OC)C(=O)O[C@@H]2[C@H]1c2c(cc3c(c2OC)OCO3)CCN1C,ok,COc1ccc2c(c1OC)C(=O)O[C@@H]2[C@H]1c2c(cc3c(c2OC)OCO3)CCN1C,COc1ccc2c(c1OC)C(=O)O[C@@H]2[C@H]1c2c(cc3c(c2OC)OCO3)CCN1C,AKNNEGZIBPJZJG-MSOLQXFVSA-N,AKNNEGZIBPJZJG-MSOLQXFVSA-N,AKNNEGZIBPJZJG-MSOLQXFVSA-N,O=C1O[C@H]([C@@H]2NCCc3cc4c(cc32)OCO4)c2ccccc21,1,False,0,30,413.4260000000003
mol-069ii,sc2019_tight,tight,Ofloxacin,CC1COc2c(N3CCN(C)CC3)c(F)cc3c(=O)c(C(=O)O)cn1c23,ok,CC1COc2c(N3CCN(C)CC3)c(F)cc3c(=O)c(C(=O)O)cn1c23,CC1COc2c(N3CCN(C)CC3)c(F)cc3c(=O)c(C(=O)O)cn1c23,GSDSWSVVBLHKDQ-UHFFFAOYSA-N,GSDSWSVVBLHKDQ-UHFFFAOYSA-N,GSDSWSVVBLHKDQ-UHFFFAOYSA-N,O=c1ccn2c3c(c(N4CCNCC4)ccc13)OCC2,1,False,0,26,361.37300000000005
mol-070ii,sc2019_tight,tight,Oxazepam,O=C1Nc2ccc(Cl)cc2C(c2ccccc2)=NC1O,ok,O=C1Nc2ccc(Cl)cc2C(c2ccccc2)=NC1O,O=C1Nc2ccc(Cl)cc2C(c2ccccc2)=NC1O,ADIMAYPTOBDMTL-UHFFFAOYSA-N,ADIMAYPTOBDMTL-UHFFFAOYSA-N,ADIMAYPTOBDMTL-UHFFFAOYSA-N,O=C1CN=C(c2ccccc2)c2ccccc2N1,1,False,0,20,286.718
mol-071ii,sc2019_tight,tight,Oxyphenbutazone,CCCCC1C(=O)N(c2ccccc2)N(c2ccc(O)cc2)C1=O,ok,CCCCC1C(=O)N(c2ccccc2)N(c2ccc(O)cc2)C1=O,CCCCC1C(=O)N(c2ccccc2)N(c2ccc(O)cc2)C1=O,HFHZKZSRXITVMK-UHFFFAOYSA-N,HFHZKZSRXITVMK-UHFFFAOYSA-N,HFHZKZSRXITVMK-UHFFFAOYSA-N,O=C1CC(=O)N(c2ccccc2)N1c1ccccc1,1,False,0,24,324.38000000000005
mol-072ii,sc2019_tight,tight,Papaverine,COc1ccc(Cc2nccc3cc(OC)c(OC)cc23)cc1OC,ok,COc1ccc(Cc2nccc3cc(OC)c(OC)cc23)cc1OC,COc1ccc(Cc2nccc3cc(OC)c(OC)cc23)cc1OC,XQYZDYMELSJDRZ-UHFFFAOYSA-N,XQYZDYMELSJDRZ-UHFFFAOYSA-N,XQYZDYMELSJDRZ-UHFFFAOYSA-N,c1ccc(Cc2nccc3ccccc23)cc1,1,False,0,25,339.3910000000001
mol-073ii,sc2019_tight,tight,Perphenazine,OCCN1CCN(CCCN2c3ccccc3Sc3ccc(Cl)cc32)CC1,ok,OCCN1CCN(CCCN2c3ccccc3Sc3ccc(Cl)cc32)CC1,OCCN1CCN(CCCN2c3ccccc3Sc3ccc(Cl)cc32)CC1,RGCVKNLCSQQDEP-UHFFFAOYSA-N,RGCVKNLCSQQDEP-UHFFFAOYSA-N,RGCVKNLCSQQDEP-UHFFFAOYSA-N,c1ccc2c(c1)Sc1ccccc1N2CCCN1CCNCC1,1,False,0,27,403.9790000000002
mol-074ii,sc2019_tight,tight,Phenacetin,CCOc1ccc(NC(C)=O)cc1,ok,CCOc1ccc(NC(C)=O)cc1,CCOc1ccc(NC(C)=O)cc1,CPJSUEIXXCENMM-UHFFFAOYSA-N,CPJSUEIXXCENMM-UHFFFAOYSA-N,CPJSUEIXXCENMM-UHFFFAOYSA-N,c1ccccc1,1,False,0,13,179.219
mol-075ii,sc2019_tight,tight,Phenazopyridine,Nc1ccc(N=Nc2ccccc2)c(N)n1,ok,Nc1ccc(N=Nc2ccccc2)c(N)n1,Nc1ccc(N=Nc2ccccc2)c(N)n1,QPFYXYFORQJZEC-UHFFFAOYSA-N,QPFYXYFORQJZEC-UHFFFAOYSA-N,QPFYXYFORQJZEC-UHFFFAOYSA-N,c1ccc(N=Nc2cccnc2)cc1,1,False,0,16,213.24400000000003
mol-076ii,sc2019_tight,tight,Pindolol,CC(C)NCC(O)COc1cccc2[nH]ccc12,ok,CC(C)NCC(O)COc1cccc2[nH]ccc12,CC(C)NCC(O)COc1cccc2[nH]ccc12,JZQKKSLKJUAGIC-UHFFFAOYSA-N,JZQKKSLKJUAGIC-UHFFFAOYSA-N,JZQKKSLKJUAGIC-UHFFFAOYSA-N,c1ccc2[nH]ccc2c1,1,False,0,18,248.32600000000002
mol-077ii,sc2019_tight,tight,Pravastatin,CCC(C)C(=O)OC1CC(O)C=C2C=CC(C)C(CCC(O)CC(O)CC(=O)O)C21,ok,CCC(C)C(=O)OC1CC(O)C=C2C=CC(C)C(CCC(O)CC(O)CC(=O)O)C21,CCC(C)C(=O)OC1CC(O)C=C2C=CC(C)C(CCC(O)CC(O)CC(=O)O)C21,TUZYXOIXSAXUGO-UHFFFAOYSA-N,TUZYXOIXSAXUGO-UHFFFAOYSA-N,TUZYXOIXSAXUGO-UHFFFAOYSA-N,C1=CC2=CCCCC2CC1,1,False,0,30,424.5340000000002
mol-078ii,sc2019_tight,tight,"Prednisolone,Methyl-",CC1CC2C(C(O)CC3(C)C2CCC3(O)C(=O)CO)C2(C)C=CC(=O)C=C12,ok,CC1CC2C(C(O)CC3(C)C2CCC3(O)C(=O)CO)C2(C)C=CC(=O)C=C12,CC1CC2C(C(O)CC3(C)C2CCC3(O)C(=O)CO)C2(C)C=CC(=O)C=C12,VHRSUDSXCMQTMA-UHFFFAOYSA-N,VHRSUDSXCMQTMA-UHFFFAOYSA-N,VHRSUDSXCMQTMA-UHFFFAOYSA-N,O=C1C=CC2C(=C1)CCC1C3CCCC3CCC21,1,False,0,27,374.4770000000001
mol-079ii,sc2019_tight,tight,Primidone,CCC1(c2ccccc2)C(=O)NCNC1=O,ok,CCC1(c2ccccc2)C(=O)NCNC1=O,CCC1(c2ccccc2)C(=O)NCNC1=O,DQMZLTXERSFNPB-UHFFFAOYSA-N,DQMZLTXERSFNPB-UHFFFAOYSA-N,DQMZLTXERSFNPB-UHFFFAOYSA-N,O=C1NCNC(=O)C1c1ccccc1,1,False,0,16,218.25599999999994
mol-080ii,sc2019_tight,tight,Probenecid,CCCN(CCC)S(=O)(=O)c1ccc(C(=O)O)cc1,ok,CCCN(CCC)S(=O)(=O)c1ccc(C(=O)O)cc1,CCCN(CCC)S(=O)(=O)c1ccc(C(=O)O)cc1,DBABZHXKTCFAPX-UHFFFAOYSA-N,DBABZHXKTCFAPX-UHFFFAOYSA-N,DBABZHXKTCFAPX-UHFFFAOYSA-N,c1ccccc1,1,False,0,19,285.36499999999995
mol-081ii,sc2019_tight,tight,Promazine,CN(C)CCCN1c2ccccc2Sc2ccccc21,ok,CN(C)CCCN1c2ccccc2Sc2ccccc21,CN(C)CCCN1c2ccccc2Sc2ccccc21,ZGUGWUXLJSTTMA-UHFFFAOYSA-N,ZGUGWUXLJSTTMA-UHFFFAOYSA-N,ZGUGWUXLJSTTMA-UHFFFAOYSA-N,c1ccc2c(c1)Nc1ccccc1S2,1,False,0,20,284.42800000000005
mol-082ii,sc2019_tight,tight,Promethazine,CC(CN1c2ccccc2Sc2ccccc21)N(C)C,ok,CC(CN1c2ccccc2Sc2ccccc21)N(C)C,CC(CN1c2ccccc2Sc2ccccc21)N(C)C,PWWVAXIEGOYWEE-UHFFFAOYSA-N,PWWVAXIEGOYWEE-UHFFFAOYSA-N,PWWVAXIEGOYWEE-UHFFFAOYSA-N,c1ccc2c(c1)Nc1ccccc1S2,1,False,0,20,284.428
mol-083ii,sc2019_tight,tight,Repaglinide,CCOc1cc(CC(=O)N[C@@H](CC(C)C)c2ccccc2N2CCCCC2)ccc1C(=O)O,ok,CCOc1cc(CC(=O)N[C@@H](CC(C)C)c2ccccc2N2CCCCC2)ccc1C(=O)O,CCOc1cc(CC(=O)N[C@@H](CC(C)C)c2ccccc2N2CCCCC2)ccc1C(=O)O,FAEKWTJYAYMJKF-QHCPKHFHSA-N,FAEKWTJYAYMJKF-QHCPKHFHSA-N,FAEKWTJYAYMJKF-QHCPKHFHSA-N,O=C(Cc1ccccc1)NCc1ccccc1N1CCCCC1,1,False,0,33,452.5950000000003
mol-084ii,sc2019_tight,tight,"Resveratrol,trans-",Oc1ccc(/C=C/c2cc(O)cc(O)c2)cc1,ok,Oc1ccc(/C=C/c2cc(O)cc(O)c2)cc1,Oc1ccc(/C=C/c2cc(O)cc(O)c2)cc1,LUKBXSAWLPMMSZ-OWOJBTEDSA-N,LUKBXSAWLPMMSZ-OWOJBTEDSA-N,LUKBXSAWLPMMSZ-OWOJBTEDSA-N,C(=C\c1ccccc1)/c1ccccc1,1,False,0,17,228.247
mol-085ii,sc2019_tight,tight,Ritonavir,CC(C)c1nc(CN(C)C(=O)N[C@H](C(=O)N[C@@H](Cc2ccccc2)C[C@H](O)[C@H](Cc2ccccc2)NC(=O)OCc2cncs2)C(C)C)cs1,ok,CC(C)c1nc(CN(C)C(=O)N[C@H](C(=O)N[C@@H](Cc2ccccc2)C[C@H](O)[C@H](Cc2ccccc2)NC(=O)OCc2cncs2)C(C)C)cs1,CC(C)c1nc(CN(C)C(=O)N[C@H](C(=O)N[C@@H](Cc2ccccc2)C[C@H](O)[C@H](Cc2ccccc2)NC(=O)OCc2cncs2)C(C)C)cs1,NCDNCNXCDXHOMX-XGKFQTDJSA-N,NCDNCNXCDXHOMX-XGKFQTDJSA-N,NCDNCNXCDXHOMX-XGKFQTDJSA-N,O=C(CNC(=O)NCc1cscn1)N[C@H](CC[C@H](Cc1ccccc1)NC(=O)OCc1cncs1)Cc1ccccc1,1,False,0,50,720.9620000000001
mol-086ii,sc2019_tight,tight,Rofecoxib,CS(=O)(=O)c1ccc(C2=C(c3ccccc3)C(=O)OC2)cc1,ok,CS(=O)(=O)c1ccc(C2=C(c3ccccc3)C(=O)OC2)cc1,CS(=O)(=O)c1ccc(C2=C(c3ccccc3)C(=O)OC2)cc1,RZJQGNCSTQAWON-UHFFFAOYSA-N,RZJQGNCSTQAWON-UHFFFAOYSA-N,RZJQGNCSTQAWON-UHFFFAOYSA-N,O=C1OCC(c2ccccc2)=C1c1ccccc1,1,False,0,22,314.3620000000001
mol-087ii,sc2019_tight,tight,Spironolactone,CC(=O)S[C@@H]1CC2=CC(=O)CC[C@]2(C)[C@H]2CC[C@@]3(C)[C@@H](CC[C@@]34CCC(=O)O4)[C@@H]21,ok,CC(=O)S[C@@H]1CC2=CC(=O)CC[C@]2(C)[C@H]2CC[C@@]3(C)[C@@H](CC[C@@]34CCC(=O)O4)[C@H]12,CC(=O)S[C@@H]1CC2=CC(=O)CC[C@]2(C)[C@H]2CC[C@@]3(C)[C@@H](CC[C@@]34CCC(=O)O4)[C@H]12,LXMSZDCAJNLERA-ZHYRCANASA-N,LXMSZDCAJNLERA-ZHYRCANASA-N,LXMSZDCAJNLERA-ZHYRCANASA-N,O=C1C=C2CC[C@@H]3[C@H](CCC4[C@H]3CC[C@@]43CCC(=O)O3)C2CC1,1,False,0,29,416.58300000000025
mol-088ii,sc2019_tight,tight,Strychnine,O=C1C[C@@H]2OCC=C3CN4CC[C@]56c7ccccc7N1[C@H]5[C@H]2[C@H]3C[C@H]46,ok,O=C1C[C@@H]2OCC=C3CN4CC[C@]56c7ccccc7N1[C@H]5[C@H]2[C@H]3C[C@H]46,O=C1C[C@@H]2OCC=C3CN4CC[C@]56c7ccccc7N1[C@H]5[C@H]2[C@H]3C[C@H]46,QMGVPVSNSZLJIA-FVWCLLPLSA-N,QMGVPVSNSZLJIA-FVWCLLPLSA-N,QMGVPVSNSZLJIA-FVWCLLPLSA-N,O=C1C[C@@H]2OCC=C3CN4CC[C@]56c7ccccc7N1[C@H]5[C@H]2[C@H]3C[C@H]46,1,False,0,25,334.41900000000004
mol-089ii,sc2019_tight,tight,Sulfasalazine,O=C(O)C1=C/C(=N\Nc2ccc(S(=O)(=O)Nc3ccccn3)cc2)C=CC1=O,ok,O=C(O)C1=C/C(=N\Nc2ccc(S(=O)(=O)Nc3ccccn3)cc2)C=CC1=O,O=C(O)C1=C/C(=N\Nc2ccc(S(=O)(=O)Nc3ccccn3)cc2)C=CC1=O,OQANPHBRHBJGNZ-BKUYFWCQSA-N,OQANPHBRHBJGNZ-BKUYFWCQSA-N,OQANPHBRHBJGNZ-BKUYFWCQSA-N,O=C1C=CC(=NNc2ccc(S(=O)(=O)Nc3ccccn3)cc2)C=C1,1,False,0,28,398.4000000000001
mol-090ii,sc2019_tight,tight,Sulfathiazole,Nc1ccc(S(=O)(=O)Nc2nccs2)cc1,ok,Nc1ccc(S(=O)(=O)Nc2nccs2)cc1,Nc1ccc(S(=O)(=O)Nc2nccs2)cc1,JNMRHUJNCSQMMB-UHFFFAOYSA-N,JNMRHUJNCSQMMB-UHFFFAOYSA-N,JNMRHUJNCSQMMB-UHFFFAOYSA-N,O=S(=O)(Nc1nccs1)c1ccccc1,1,False,0,16,255.32400000000004
mol-091ii,sc2019_tight,tight,Sulfisomidine,Cc1cc(NS(=O)(=O)c2ccc(N)cc2)nc(C)n1,ok,Cc1cc(NS(=O)(=O)c2ccc(N)cc2)nc(C)n1,Cc1cc(NS(=O)(=O)c2ccc(N)cc2)nc(C)n1,YZMCKZRAOLZXAZ-UHFFFAOYSA-N,YZMCKZRAOLZXAZ-UHFFFAOYSA-N,YZMCKZRAOLZXAZ-UHFFFAOYSA-N,O=S(=O)(Nc1ccncn1)c1ccccc1,1,False,0,19,278.33700000000005
mol-092ii,sc2019_tight,tight,Sulfisoxazole,Cc1noc(NS(=O)(=O)c2ccc(N)cc2)c1C,ok,Cc1noc(NS(=O)(=O)c2ccc(N)cc2)c1C,Cc1noc(NS(=O)(=O)c2ccc(N)cc2)c1C,NHUHCSRWZMLRLA-UHFFFAOYSA-N,NHUHCSRWZMLRLA-UHFFFAOYSA-N,NHUHCSRWZMLRLA-UHFFFAOYSA-N,O=S(=O)(Nc1ccno1)c1ccccc1,1,False,0,18,267.31
mol-093ii,sc2019_tight,tight,Sulindac,CC1=C(CC(=O)O)c2cc(F)ccc2/C1=C\c1ccc(S(C)=O)cc1,ok,CC1=C(CC(=O)O)c2cc(F)ccc2/C1=C\c1ccc(S(C)=O)cc1,CC1=C(CC(=O)O)c2cc(F)ccc2/C1=C\c1ccc([S+](C)[O-])cc1,MLKXDPUZXIRXEP-MFOYZWKCSA-N,MLKXDPUZXIRXEP-MFOYZWKCSA-N,MLKXDPUZXIRXEP-MFOYZWKCSA-N,C1=Cc2ccccc2/C1=C\c1ccccc1,1,False,0,25,356.41800000000006
mol-094ii,sc2019_tight,tight,Tetracaine,CCCCNc1ccc(C(=O)OCCN(C)C)cc1,ok,CCCCNc1ccc(C(=O)OCCN(C)C)cc1,CCCCNc1ccc(C(=O)OCCN(C)C)cc1,GKCBAIGFKIBETG-UHFFFAOYSA-N,GKCBAIGFKIBETG-UHFFFAOYSA-N,GKCBAIGFKIBETG-UHFFFAOYSA-N,c1ccccc1,1,False,0,19,264.3689999999999
mol-095ii,sc2019_tight,tight,Tetracycline,CN(C)[C@@H]1C(=O)/C(=C(\N)O)C(=O)[C@@]2(O)C(=O)C3=C(O)c4c(O)cccc4[C@@](C)(O)[C@H]3C[C@@H]12,ok,CN(C)[C@@H]1C(=O)/C(=C(\N)O)C(=O)[C@@]2(O)C(=O)C3=C(O)c4c(O)cccc4[C@@](C)(O)[C@H]3C[C@@H]12,CN(C)[C@@H]1C(=O)/C(=C(\N)O)C(=O)[C@@]2(O)C(=O)C3=C(O)c4c(O)cccc4[C@@](C)(O)[C@H]3C[C@@H]12,JYHCQVWYCGHXGP-BPPSBWQWSA-N,JYHCQVWYCGHXGP-BPPSBWQWSA-N,JYHCQVWYCGHXGP-BPPSBWQWSA-N,C=C1C(=O)C[C@@H]2C[C@@H]3Cc4ccccc4C=C3C(=O)C2C1=O,1,False,0,32,444.44000000000017
mol-096ii,sc2019_tight,tight,Thiacetazone,CC(=O)Nc1ccc(/C=N/NC(N)=S)cc1,ok,CC(=O)Nc1ccc(/C=N/NC(N)=S)cc1,CC(=O)Nc1ccc(/C=N/NC(N)=S)cc1,SRVJKTDHMYAMHA-WUXMJOGZSA-N,SRVJKTDHMYAMHA-WUXMJOGZSA-N,SRVJKTDHMYAMHA-WUXMJOGZSA-N,c1ccccc1,1,False,0,16,236.29999999999998
mol-097ii,sc2019_tight,tight,Triamcinolone,C[C@]12C[C@H](O)[C@@]3(F)[C@@H](CCC4=CC(=O)C=C[C@@]43C)[C@@H]1C[C@@H](O)[C@]2(O)C(=O)CO,ok,C[C@]12C=CC(=O)C=C1CC[C@H]1[C@@H]3C[C@@H](O)[C@](O)(C(=O)CO)[C@@]3(C)C[C@H](O)[C@@]12F,C[C@]12C=CC(=O)C=C1CC[C@H]1[C@@H]3C[C@@H](O)[C@](O)(C(=O)CO)[C@@]3(C)C[C@H](O)[C@@]12F,GFNANZIMVAIWHM-OBYCQNJPSA-N,GFNANZIMVAIWHM-OBYCQNJPSA-N,GFNANZIMVAIWHM-OBYCQNJPSA-N,O=C1C=CC2C(=C1)CC[C@@H]1C2CCC2CCC[C@H]21,1,False,0,28,394.43900000000014
mol-098ii,sc2019_tight,tight,Triamterene,Nc1nc(N)c2nc(-c3ccccc3)c(N)nc2n1,ok,Nc1nc(N)c2nc(-c3ccccc3)c(N)nc2n1,Nc1nc(N)c2nc(-c3ccccc3)c(N)nc2n1,FNYLWPVRPXGIIP-UHFFFAOYSA-N,FNYLWPVRPXGIIP-UHFFFAOYSA-N,FNYLWPVRPXGIIP-UHFFFAOYSA-N,c1ccc(-c2cnc3ncncc3n2)cc1,1,False,0,19,253.26900000000003
mol-099ii,sc2019_tight,tight,Warfarin,CC(=O)CC(c1ccccc1)c1c(O)oc2ccccc2c1=O,ok,CC(=O)CC(c1ccccc1)c1c(O)oc2ccccc2c1=O,CC(=O)CC(c1ccccc1)c1c(O)oc2ccccc2c1=O,QTXVAVXCBMYBJW-UHFFFAOYSA-N,QTXVAVXCBMYBJW-UHFFFAOYSA-N,QTXVAVXCBMYBJW-UHFFFAOYSA-N,O=c1c(Cc2ccccc2)coc2ccccc12,1,False,0,23,308.333
mol-100ii,sc2019_tight,tight,Xanthine,O=c1[nH]c(=O)c2[nH]cnc2[nH]1,ok,O=c1[nH]c(=O)c2[nH]cnc2[nH]1,O=c1[nH]c(=O)c2[nH]cnc2[nH]1,LRFVTYWOQMYALW-UHFFFAOYSA-N,LRFVTYWOQMYALW-UHFFFAOYSA-N,LRFVTYWOQMYALW-UHFFFAOYSA-N,O=c1[nH]c(=O)c2[nH]cnc2[nH]1,1,False,0,11,152.113
mol-184i,sc2019_loose,loose,Amantadine,NC12CC3CC(CC(C3)C1)C2,ok,NC12CC3CC(CC(C3)C1)C2,NC12CC3CC(CC(C3)C1)C2,DKNWSYNQZKUICI-UHFFFAOYSA-N,DKNWSYNQZKUICI-UHFFFAOYSA-N,DKNWSYNQZKUICI-UHFFFAOYSA-N,C1C2CC3CC1CC(C2)C3,1,False,0,11,151.253
mol-203i,sc2019_loose,loose,Amiodarone,CCCCc1oc2ccccc2c1C(=O)c1cc(I)c(OCCN(CC)CC)c(I)c1,ok,CCCCc1oc2ccccc2c1C(=O)c1cc(I)c(OCCN(CC)CC)c(I)c1,CCCCc1oc2ccccc2c1C(=O)c1cc(I)c(OCCN(CC)CC)c(I)c1,IYIKLHRQXLHMJQ-UHFFFAOYSA-N,IYIKLHRQXLHMJQ-UHFFFAOYSA-N,IYIKLHRQXLHMJQ-UHFFFAOYSA-N,O=C(c1ccccc1)c1coc2ccccc12,1,False,0,31,645.3190000000002
mol-208i,sc2019_loose,loose,Amodiaquine,CCN(CC)Cc1cc(Nc2ccnc3cc(Cl)ccc23)ccc1O,ok,CCN(CC)Cc1cc(Nc2ccnc3cc(Cl)ccc23)ccc1O,CCN(CC)Cc1cc(Nc2ccnc3cc(Cl)ccc23)ccc1O,OVCDSSHSILBFBN-UHFFFAOYSA-N,OVCDSSHSILBFBN-UHFFFAOYSA-N,OVCDSSHSILBFBN-UHFFFAOYSA-N,c1ccc(Nc2ccnc3ccccc23)cc1,1,False,0,25,355.8690000000001
mol-660i,sc2019_loose,loose,Bisoprolol,CC(C)NCC(O)COc1ccc(COCCOC(C)C)cc1,ok,CC(C)NCC(O)COc1ccc(COCCOC(C)C)cc1,CC(C)NCC(O)COc1ccc(COCCOC(C)C)cc1,VHYCDWMUTMEGQY-UHFFFAOYSA-N,VHYCDWMUTMEGQY-UHFFFAOYSA-N,VHYCDWMUTMEGQY-UHFFFAOYSA-N,c1ccccc1,1,False,0,23,325.449
mol-678i,sc2019_loose,loose,Bromocriptine,CC(C)C[C@H]1C(=O)N2CCC[C@H]2[C@]2(O)O[C@](NC(=O)[C@@H]3C=C4c5cccc6[nH]c(Br)c(c56)C[C@H]4N(C)C3)(C(C)C)C(=O)N12,ok,CC(C)C[C@H]1C(=O)N2CCC[C@H]2[C@]2(O)O[C@](NC(=O)[C@@H]3C=C4c5cccc6[nH]c(Br)c(c56)C[C@H]4N(C)C3)(C(C)C)C(=O)N12,CC(C)C[C@H]1C(=O)N2CCC[C@H]2[C@]2(O)O[C@](NC(=O)[C@@H]3C=C4c5cccc6[nH]c(Br)c(c56)C[C@H]4N(C)C3)(C(C)C)C(=O)N12,OZVBMTJYIDMWIL-AYFBDAFISA-N,OZVBMTJYIDMWIL-AYFBDAFISA-N,OZVBMTJYIDMWIL-AYFBDAFISA-N,O=C(NC1OC2[C@@H]3CCCN3C(=O)CN2C1=O)[C@@H]1C=C2c3cccc4[nH]cc(c34)C[C@H]2NC1,1,False,0,43,654.6059999999999
mol-690i,sc2019_loose,loose,Buprenorphine,CO[C@]12CC[C@@]3(C[C@@H]1[C@@](C)(O)C(C)(C)C)[C@H]1Cc4ccc(O)c5c4[C@@]3(CCN1CC1CC1)[C@H]2O5,ok,CO[C@]12CC[C@@]3(C[C@@H]1[C@@](C)(O)C(C)(C)C)[C@H]1Cc4ccc(O)c5c4[C@@]3(CCN1CC1CC1)[C@H]2O5,CO[C@]12CC[C@@]3(C[C@@H]1[C@@](C)(O)C(C)(C)C)[C@H]1Cc4ccc(O)c5c4[C@@]3(CCN1CC1CC1)[C@H]2O5,RMRJXGBAOAMLHD-LDFHUFRKSA-N,RMRJXGBAOAMLHD-LDFHUFRKSA-N,RMRJXGBAOAMLHD-LDFHUFRKSA-N,c1cc2c3c(c1)O[C@H]1C4CCC5(CC4)[C@@H](C2)N(CC2CC2)CC[C@]315,1,False,0,34,467.6500000000003
mol-824i,sc2019_loose,loose,Chlorprothixene,CN(C)CC/C=C1/c2ccccc2Sc2ccc(Cl)cc21,ok,CN(C)CC/C=C1/c2ccccc2Sc2ccc(Cl)cc21,CN(C)CC/C=C1/c2ccccc2Sc2ccc(Cl)cc21,WSPOMRSOLSGNFJ-AUWJEWJLSA-N,WSPOMRSOLSGNFJ-AUWJEWJLSA-N,WSPOMRSOLSGNFJ-AUWJEWJLSA-N,C=C1c2ccccc2Sc2ccccc21,1,False,0,21,315.869
mol-883i,sc2019_loose,loose,Clofazimine,CC(C)N=c1cc2n(-c3ccc(Cl)cc3)c3ccccc3nc-2cc1Nc1ccc(Cl)cc1,ok,CC(C)N=c1cc2n(-c3ccc(Cl)cc3)c3ccccc3nc-2cc1Nc1ccc(Cl)cc1,CC(C)N=c1cc2n(-c3ccc(Cl)cc3)c3ccccc3nc-2cc1Nc1ccc(Cl)cc1,WDQPAMHFFCXSNU-UHFFFAOYSA-N,WDQPAMHFFCXSNU-UHFFFAOYSA-N,WDQPAMHFFCXSNU-UHFFFAOYSA-N,N=c1cc2n(-c3ccccc3)c3ccccc3nc-2cc1Nc1ccccc1,1,False,0,33,473.40700000000015
mol-923i,sc2019_loose,loose,Curcumin,COc1cc(/C=C/C(=O)CC(=O)/C=C/c2ccc(O)c(OC)c2)ccc1O,ok,COc1cc(/C=C/C(=O)CC(=O)/C=C/c2ccc(O)c(OC)c2)ccc1O,COc1cc(/C=C/C(=O)CC(=O)/C=C/c2ccc(O)c(OC)c2)ccc1O,VFLDPWHFBUODDF-FCXRPNKRSA-N,VFLDPWHFBUODDF-FCXRPNKRSA-N,VFLDPWHFBUODDF-FCXRPNKRSA-N,O=C(/C=C/c1ccccc1)CC(=O)/C=C/c1ccccc1,1,False,0,27,368.3850000000001
mol-971i,sc2019_loose,loose,Danazol,C#C[C@]1(O)CC[C@H]2[C@@H]3CCC4=Cc5oncc5C[C@]4(C)[C@H]3CC[C@@]21C,ok,C#C[C@]1(O)CC[C@H]2[C@@H]3CCC4=Cc5oncc5C[C@]4(C)[C@H]3CC[C@@]21C,C#C[C@]1(O)CC[C@H]2[C@@H]3CCC4=Cc5oncc5C[C@]4(C)[C@H]3CC[C@@]21C,POZRVZJJTULAOH-LHZXLZLDSA-N,POZRVZJJTULAOH-LHZXLZLDSA-N,POZRVZJJTULAOH-LHZXLZLDSA-N,C1=C2CC[C@H]3[C@@H]4CCCC4CC[C@@H]3C2Cc2cnoc21,1,False,0,25,337.46300000000014
mol-983i,sc2019_loose,loose,Didanosine,O=c1[nH]cnc2c1ncn2[C@H]1CC[C@@H](CO)O1,ok,O=c1[nH]cnc2c1ncn2[C@H]1CC[C@@H](CO)O1,O=c1[nH]cnc2c1ncn2[C@H]1CC[C@@H](CO)O1,BXZVVICBKDXVGW-NKWVEPMBSA-N,BXZVVICBKDXVGW-NKWVEPMBSA-N,BXZVVICBKDXVGW-NKWVEPMBSA-N,O=c1[nH]cnc2c1ncn2[C@H]1CCCO1,1,False,0,17,236.23099999999997
mol-1042i,sc2019_loose,loose,Diflunisal,O=C(O)c1cc(-c2ccc(F)cc2F)ccc1O,ok,O=C(O)c1cc(-c2ccc(F)cc2F)ccc1O,O=C(O)c1cc(-c2ccc(F)cc2F)ccc1O,HUPFGZXOMWLGNK-UHFFFAOYSA-N,HUPFGZXOMWLGNK-UHFFFAOYSA-N,HUPFGZXOMWLGNK-UHFFFAOYSA-N,c1ccc(-c2ccccc2)cc1,1,False,0,18,250.19999999999996
mol-1065i,sc2019_loose,loose,Diphenhydramine,CN(C)CCOC(c1ccccc1)c1ccccc1,ok,CN(C)CCOC(c1ccccc1)c1ccccc1,CN(C)CCOC(c1ccccc1)c1ccccc1,ZZVUWRFHKOJYTH-UHFFFAOYSA-N,ZZVUWRFHKOJYTH-UHFFFAOYSA-N,ZZVUWRFHKOJYTH-UHFFFAOYSA-N,c1ccc(Cc2ccccc2)cc1,1,False,0,19,255.36100000000002
mol-1191i,sc2019_loose,loose,Etoxadrol,CC[C@]1(c2ccccc2)OC[C@H]([C@@H]2CCCCN2)O1,ok,CC[C@]1(c2ccccc2)OC[C@H]([C@@H]2CCCCN2)O1,CC[C@]1(c2ccccc2)OC[C@H]([C@@H]2CCCCN2)O1,INOYCBNLWYEPSB-XHSDSOJGSA-N,INOYCBNLWYEPSB-XHSDSOJGSA-N,INOYCBNLWYEPSB-XHSDSOJGSA-N,c1ccc(C2OC[C@H]([C@@H]3CCCCN3)O2)cc1,1,False,0,19,261.3649999999999
mol-1198i,sc2019_loose,loose,Ezetimibe,O=C1[C@H](CC[C@H](O)c2ccc(F)cc2)[C@@H](c2ccc(O)cc2)N1c1ccc(F)cc1,ok,O=C1[C@H](CC[C@H](O)c2ccc(F)cc2)[C@@H](c2ccc(O)cc2)N1c1ccc(F)cc1,O=C1[C@H](CC[C@H](O)c2ccc(F)cc2)[C@@H](c2ccc(O)cc2)N1c1ccc(F)cc1,OLNTVTPDXPETLC-XPWALMASSA-N,OLNTVTPDXPETLC-XPWALMASSA-N,OLNTVTPDXPETLC-XPWALMASSA-N,O=C1[C@H](CCCc2ccccc2)[C@@H](c2ccccc2)N1c1ccccc1,1,False,0,30,409.4320000000001
mol-1230i,sc2019_loose,loose,Fentiazac,O=C(O)Cc1sc(-c2ccccc2)nc1-c1ccc(Cl)cc1,ok,O=C(O)Cc1sc(-c2ccccc2)nc1-c1ccc(Cl)cc1,O=C(O)Cc1sc(-c2ccccc2)nc1-c1ccc(Cl)cc1,JIEKMACRVQTPRC-UHFFFAOYSA-N,JIEKMACRVQTPRC-UHFFFAOYSA-N,JIEKMACRVQTPRC-UHFFFAOYSA-N,c1ccc(-c2csc(-c3ccccc3)n2)cc1,1,False,0,22,329.8080000000001
mol-1536i,sc2019_loose,loose,Iopanoic Acid,CCC(Cc1c(I)cc(I)c(N)c1I)C(=O)O,ok,CCC(Cc1c(I)cc(I)c(N)c1I)C(=O)O,CCC(Cc1c(I)cc(I)c(N)c1I)C(=O)O,OIRFJRBSRORBCM-UHFFFAOYSA-N,OIRFJRBSRORBCM-UHFFFAOYSA-N,OIRFJRBSRORBCM-UHFFFAOYSA-N,c1ccccc1,1,False,0,17,570.9340000000001
mol-1600i,sc2019_loose,loose,Itraconazole,CCC(C)n1ncn(-c2ccc(N3CCN(c4ccc(OC[C@H]5CO[C@](Cn6cncn6)(c6ccc(Cl)cc6Cl)O5)cc4)CC3)cc2)c1=O,ok,CCC(C)n1ncn(-c2ccc(N3CCN(c4ccc(OC[C@H]5CO[C@](Cn6cncn6)(c6ccc(Cl)cc6Cl)O5)cc4)CC3)cc2)c1=O,CCC(C)n1ncn(-c2ccc(N3CCN(c4ccc(OC[C@H]5CO[C@](Cn6cncn6)(c6ccc(Cl)cc6Cl)O5)cc4)CC3)cc2)c1=O,VHVPQPYKVGDNFY-ZPGVKDDISA-N,VHVPQPYKVGDNFY-ZPGVKDDISA-N,VHVPQPYKVGDNFY-ZPGVKDDISA-N,O=c1[nH]ncn1-c1ccc(N2CCN(c3ccc(OC[C@H]4CO[C@](Cn5cncn5)(c5ccccc5)O4)cc3)CC2)cc1,1,False,0,49,705.6470000000002
mol-1767i,sc2019_loose,loose,Miconazole,Clc1ccc(COC(Cn2ccnc2)c2ccc(Cl)cc2Cl)c(Cl)c1,ok,Clc1ccc(COC(Cn2ccnc2)c2ccc(Cl)cc2Cl)c(Cl)c1,Clc1ccc(COC(Cn2ccnc2)c2ccc(Cl)cc2Cl)c(Cl)c1,BYBLEWFAAKGYCD-UHFFFAOYSA-N,BYBLEWFAAKGYCD-UHFFFAOYSA-N,BYBLEWFAAKGYCD-UHFFFAOYSA-N,c1ccc(COC(Cn2ccnc2)c2ccccc2)cc1,1,False,0,25,416.1350000000001
mol-1769i,sc2019_loose,loose,Mifepristone,CC#C[C@]1(O)CC[C@H]2[C@@H]3CCC4=CC(=O)CCC4=C3[C@@H](c3ccc(N(C)C)cc3)C[C@@]21C,ok,CC#C[C@]1(O)CC[C@H]2[C@@H]3CCC4=CC(=O)CCC4=C3[C@@H](c3ccc(N(C)C)cc3)C[C@@]21C,CC#C[C@]1(O)CC[C@H]2[C@@H]3CCC4=CC(=O)CCC4=C3[C@@H](c3ccc(N(C)C)cc3)C[C@@]21C,VKHAHZOOUSRJNA-GCNJZUOMSA-N,VKHAHZOOUSRJNA-GCNJZUOMSA-N,VKHAHZOOUSRJNA-GCNJZUOMSA-N,O=C1C=C2CC[C@@H]3C(=C2CC1)[C@@H](c1ccccc1)CC1CCC[C@H]13,1,False,0,32,429.6040000000001
mol-1957i,sc2019_loose,loose,Omeprazole,COc1ccc2[nH]c(S(=O)Cc3ncc(C)c(OC)c3C)nc2c1,ok,COc1ccc2[nH]c(S(=O)Cc3ncc(C)c(OC)c3C)nc2c1,COc1ccc2[nH]c([S+]([O-])Cc3ncc(C)c(OC)c3C)nc2c1,SUBDBMMJDZJVOS-UHFFFAOYSA-N,SUBDBMMJDZJVOS-UHFFFAOYSA-N,SUBDBMMJDZJVOS-UHFFFAOYSA-N,c1ccc(C[SH+]c2nc3ccccc3[nH]2)nc1,1,False,0,24,345.4240000000001
mol-2166i,sc2019_loose,loose,Pioglitazone,CCc1ccc(CCOc2ccc(CC3SC(=O)NC3=O)cc2)nc1,ok,CCc1ccc(CCOc2ccc(CC3SC(=O)NC3=O)cc2)nc1,CCc1ccc(CCOc2ccc(CC3SC(=O)NC3=O)cc2)nc1,HYAFETHFCAUJAY-UHFFFAOYSA-N,HYAFETHFCAUJAY-UHFFFAOYSA-N,HYAFETHFCAUJAY-UHFFFAOYSA-N,O=C1NC(=O)C(Cc2ccc(OCCc3ccccn3)cc2)S1,1,False,0,25,356.44700000000006
mol-2220i,sc2019_loose,loose,Procaine,CCN(CC)CCOC(=O)c1ccc(N)cc1,ok,CCN(CC)CCOC(=O)c1ccc(N)cc1,CCN(CC)CCOC(=O)c1ccc(N)cc1,MFDFERRIHVXMIY-UHFFFAOYSA-N,MFDFERRIHVXMIY-UHFFFAOYSA-N,MFDFERRIHVXMIY-UHFFFAOYSA-N,c1ccccc1,1,False,0,17,236.315
mol-2444i,sc2019_loose,loose,Quinine,C=C[C@H]1CN2CC[C@@H]1C[C@H]2[C@H](O)c1ccnc2ccc(OC)cc12,ok,C=C[C@H]1CN2CC[C@@H]1C[C@H]2[C@H](O)c1ccnc2ccc(OC)cc12,C=C[C@H]1CN2CC[C@@H]1C[C@H]2[C@H](O)c1ccnc2ccc(OC)cc12,LOUPRKONTZGTKE-FOEVPDMQSA-N,LOUPRKONTZGTKE-FOEVPDMQSA-N,LOUPRKONTZGTKE-FOEVPDMQSA-N,c1ccc2c(C[C@@H]3CC4CCN3CC4)ccnc2c1,1,False,0,24,324.4240000000001
mol-2475i,sc2019_loose,loose,Raloxifene,O=C(c1ccc(OCCN2CCCCC2)cc1)c1c(-c2ccc(O)cc2)sc2cc(O)ccc12,ok,O=C(c1ccc(OCCN2CCCCC2)cc1)c1c(-c2ccc(O)cc2)sc2cc(O)ccc12,O=C(c1ccc(OCCN2CCCCC2)cc1)c1c(-c2ccc(O)cc2)sc2cc(O)ccc12,GZUITABIAKMVPG-UHFFFAOYSA-N,GZUITABIAKMVPG-UHFFFAOYSA-N,GZUITABIAKMVPG-UHFFFAOYSA-N,O=C(c1ccc(OCCN2CCCCC2)cc1)c1c(-c2ccccc2)sc2ccccc12,1,False,0,34,473.5940000000001
mol-2497i,sc2019_loose,loose,Rifabutin,COC1C=COC2(C)Oc3c(C)c(O)c4c(c3C2=O)C2=NC3(CCN(CC(C)C)CC3)NC2=C(NC(=O)C(C)=CC=CC(C)C(O)C(C)C(O)C(C)C(OC(C)=O)C1C)C4=O,ok,COC1C=COC2(C)Oc3c(C)c(O)c4c(c3C2=O)C2=NC3(CCN(CC(C)C)CC3)NC2=C(NC(=O)C(C)=CC=CC(C)C(O)C(C)C(O)C(C)C(OC(C)=O)C1C)C4=O,COC1C=COC2(C)Oc3c(C)c(O)c4c(c3C2=O)C2=NC3(CCN(CC(C)C)CC3)NC2=C(NC(=O)C(C)=CC=CC(C)C(O)C(C)C(O)C(C)C(OC(C)=O)C1C)C4=O,ATEBXHFBFRCZMA-UHFFFAOYSA-N,ATEBXHFBFRCZMA-UHFFFAOYSA-N,ATEBXHFBFRCZMA-UHFFFAOYSA-N,O=C1C=CC=CCCCCCCCCC=COC2Oc3ccc4c(c3C2=O)C2=NC3(CCNCC3)NC2=C(N1)C4=O,1,False,0,61,847.0190000000003
mol-2571i,sc2019_loose,loose,Saquinavir,CC(C)(C)NC(=O)[C@@H]1C[C@@H]2CCCC[C@@H]2CN1C[C@@H](O)[C@H](Cc1ccccc1)NC(=O)[C@H](CC(N)=O)NC(=O)c1ccc2ccccc2n1,ok,CC(C)(C)NC(=O)[C@@H]1C[C@@H]2CCCC[C@@H]2CN1C[C@@H](O)[C@H](Cc1ccccc1)NC(=O)[C@H](CC(N)=O)NC(=O)c1ccc2ccccc2n1,CC(C)(C)NC(=O)[C@@H]1C[C@@H]2CCCC[C@@H]2CN1C[C@@H](O)[C@H](Cc1ccccc1)NC(=O)[C@H](CC(N)=O)NC(=O)c1ccc2ccccc2n1,QWAXKHKRTORLEM-UGJKXSETSA-N,QWAXKHKRTORLEM-UGJKXSETSA-N,QWAXKHKRTORLEM-UGJKXSETSA-N,O=C(CNC(=O)c1ccc2ccccc2n1)N[C@H](CCN1CC[C@@H]2CCCC[C@@H]2C1)Cc1ccccc1,1,False,0,49,670.855
mol-2642i,sc2019_loose,loose,Sulfadimethoxine,COc1cc(NS(=O)(=O)c2ccc(N)cc2)nc(OC)n1,ok,COc1cc(NS(=O)(=O)c2ccc(N)cc2)nc(OC)n1,COc1cc(NS(=O)(=O)c2ccc(N)cc2)nc(OC)n1,ZZORFUFYDOWNEF-UHFFFAOYSA-N,ZZORFUFYDOWNEF-UHFFFAOYSA-N,ZZORFUFYDOWNEF-UHFFFAOYSA-N,O=S(=O)(Nc1ccncn1)c1ccccc1,1,False,0,21,310.3350000000001
mol-2694i,sc2019_loose,loose,Tamoxifen,CC/C(=C(\c1ccccc1)c1ccc(OCCN(C)C)cc1)c1ccccc1,ok,CC/C(=C(\c1ccccc1)c1ccc(OCCN(C)C)cc1)c1ccccc1,CC/C(=C(\c1ccccc1)c1ccc(OCCN(C)C)cc1)c1ccccc1,NKANXQFJJICGDU-QPLCGJKRSA-N,NKANXQFJJICGDU-QPLCGJKRSA-N,NKANXQFJJICGDU-QPLCGJKRSA-N,C(=C(c1ccccc1)c1ccccc1)c1ccccc1,1,False,0,28,371.524
mol-2706i,sc2019_loose,loose,Telmisartan,CCCc1nc2c(C)cc(-c3nc4ccccc4n3C)cc2n1Cc1ccc(-c2ccccc2C(=O)O)cc1,ok,CCCc1nc2c(C)cc(-c3nc4ccccc4n3C)cc2n1Cc1ccc(-c2ccccc2C(=O)O)cc1,CCCc1nc2c(C)cc(-c3nc4ccccc4n3C)cc2n1Cc1ccc(-c2ccccc2C(=O)O)cc1,RMMXLENWKUUMAY-UHFFFAOYSA-N,RMMXLENWKUUMAY-UHFFFAOYSA-N,RMMXLENWKUUMAY-UHFFFAOYSA-N,c1ccc(-c2ccc(Cn3cnc4ccc(-c5nc6ccccc6[nH]5)cc43)cc2)cc1,1,False,0,39,514.6290000000004
mol-2718i,sc2019_loose,loose,Terfenadine,CC(C)(C)c1ccc(C(O)CCCN2CCC(C(O)(c3ccccc3)c3ccccc3)CC2)cc1,ok,CC(C)(C)c1ccc(C(O)CCCN2CCC(C(O)(c3ccccc3)c3ccccc3)CC2)cc1,CC(C)(C)c1ccc(C(O)CCCN2CCC(C(O)(c3ccccc3)c3ccccc3)CC2)cc1,GUGOEEXESWIERI-UHFFFAOYSA-N,GUGOEEXESWIERI-UHFFFAOYSA-N,GUGOEEXESWIERI-UHFFFAOYSA-N,c1ccc(CCCCN2CCC(C(c3ccccc3)c3ccccc3)CC2)cc1,1,False,0,35,471.6850000000001
mol-2755i,sc2019_loose,loose,Thiabendazole,c1ccc2[nH]c(-c3cscn3)nc2c1,ok,c1ccc2[nH]c(-c3cscn3)nc2c1,c1ccc2[nH]c(-c3cscn3)nc2c1,WJCNZQLZVWNLKY-UHFFFAOYSA-N,WJCNZQLZVWNLKY-UHFFFAOYSA-N,WJCNZQLZVWNLKY-UHFFFAOYSA-N,c1ccc2[nH]c(-c3cscn3)nc2c1,1,False,0,14,201.254
