external_id,external_task,measurement_quality,intrinsic_log_s,endpoint,units,locked_for_model_selection
mol-001ii,sc2019_tight,tight,-2.38,intrinsic_aqueous_solubility_log_s0,log10(mol/L),True
mol-002ii,sc2019_tight,tight,-1.67,intrinsic_aqueous_solubility_log_s0,log10(mol/L),True
mol-003ii,sc2019_tight,tight,-4.4,intrinsic_aqueous_solubility_log_s0,log10(mol/L),True
mol-004ii,sc2019_tight,tight,-3.87,intrinsic_aqueous_solubility_log_s0,log10(mol/L),True
mol-005ii,sc2019_tight,tight,-6.64,intrinsic_aqueous_solubility_log_s0,log10(mol/L),True
mol-006ii,sc2019_tight,tight,-6.07,intrinsic_aqueous_solubility_log_s0,log10(mol/L),True
mol-007ii,sc2019_tight,tight,-3.69,intrinsic_aqueous_solubility_log_s0,log10(mol/L),True
mol-008ii,sc2019_tight,tight,-1.78,intrinsic_aqueous_solubility_log_s0,log10(mol/L),True
mol-009ii,sc2019_tight,tight,-2.22,intrinsic_aqueous_solubility_log_s0,log10(mol/L),True
mol-010ii,sc2019_tight,tight,-4.84,intrinsic_aqueous_solubility_log_s0,log10(mol/L),True
mol-011ii,sc2019_tight,tight,-3.39,intrinsic_aqueous_solubility_log_s0,log10(mol/L),True
mol-012ii,sc2019_tight,tight,-6.79,intrinsic_aqueous_solubility_log_s0,log10(mol/L),True
mol-013ii,sc2019_tight,tight,-3.22,intrinsic_aqueous_solubility_log_s0,log10(mol/L),True
mol-014ii,sc2019_tight,tight,-5.19,intrinsic_aqueous_solubility_log_s0,log10(mol/L),True
mol-015ii,sc2019_tight,tight,-4.56,intrinsic_aqueous_solubility_log_s0,log10(mol/L),True
mol-016ii,sc2019_tight,tight,-3.27,intrinsic_aqueous_solubility_log_s0,log10(mol/L),True
mol-017ii,sc2019_tight,tight,-1.68,intrinsic_aqueous_solubility_log_s0,log10(mol/L),True
mol-018ii,sc2019_tight,tight,-5.89,intrinsic_aqueous_solubility_log_s0,log10(mol/L),True
mol-019ii,sc2019_tight,tight,-1.18,intrinsic_aqueous_solubility_log_s0,log10(mol/L),True
mol-020ii,sc2019_tight,tight,-3.17,intrinsic_aqueous_solubility_log_s0,log10(mol/L),True
mol-021ii,sc2019_tight,tight,-4.62,intrinsic_aqueous_solubility_log_s0,log10(mol/L),True
mol-022ii,sc2019_tight,tight,-4.93,intrinsic_aqueous_solubility_log_s0,log10(mol/L),True
mol-023ii,sc2019_tight,tight,-1.52,intrinsic_aqueous_solubility_log_s0,log10(mol/L),True
mol-024ii,sc2019_tight,tight,-3.57,intrinsic_aqueous_solubility_log_s0,log10(mol/L),True
mol-025ii,sc2019_tight,tight,-6.78,intrinsic_aqueous_solubility_log_s0,log10(mol/L),True
mol-026ii,sc2019_tight,tight,-3.29,intrinsic_aqueous_solubility_log_s0,log10(mol/L),True
mol-027ii,sc2019_tight,tight,-4.22,intrinsic_aqueous_solubility_log_s0,log10(mol/L),True
mol-028ii,sc2019_tight,tight,-5.03,intrinsic_aqueous_solubility_log_s0,log10(mol/L),True
mol-029ii,sc2019_tight,tight,-5.23,intrinsic_aqueous_solubility_log_s0,log10(mol/L),True
mol-030ii,sc2019_tight,tight,-3.83,intrinsic_aqueous_solubility_log_s0,log10(mol/L),True
mol-031ii,sc2019_tight,tight,-3.56,intrinsic_aqueous_solubility_log_s0,log10(mol/L),True
mol-032ii,sc2019_tight,tight,-3.43,intrinsic_aqueous_solubility_log_s0,log10(mol/L),True
mol-033ii,sc2019_tight,tight,-5.34,intrinsic_aqueous_solubility_log_s0,log10(mol/L),True
mol-034ii,sc2019_tight,tight,-4.82,intrinsic_aqueous_solubility_log_s0,log10(mol/L),True
mol-035ii,sc2019_tight,tight,-3.83,intrinsic_aqueous_solubility_log_s0,log10(mol/L),True
mol-036ii,sc2019_tight,tight,-3.02,intrinsic_aqueous_solubility_log_s0,log10(mol/L),True
mol-037ii,sc2019_tight,tight,-3.53,intrinsic_aqueous_solubility_log_s0,log10(mol/L),True
mol-038ii,sc2019_tight,tight,-1.76,intrinsic_aqueous_solubility_log_s0,log10(mol/L),True
mol-039ii,sc2019_tight,tight,-1.36,intrinsic_aqueous_solubility_log_s0,log10(mol/L),True
mol-040ii,sc2019_tight,tight,-5.0,intrinsic_aqueous_solubility_log_s0,log10(mol/L),True
mol-041ii,sc2019_tight,tight,-5.38,intrinsic_aqueous_solubility_log_s0,log10(mol/L),True
mol-042ii,sc2019_tight,tight,-3.76,intrinsic_aqueous_solubility_log_s0,log10(mol/L),True
mol-043ii,sc2019_tight,tight,-3.6,intrinsic_aqueous_solubility_log_s0,log10(mol/L),True
mol-044ii,sc2019_tight,tight,-1.66,intrinsic_aqueous_solubility_log_s0,log10(mol/L),True
mol-045ii,sc2019_tight,tight,-5.18,intrinsic_aqueous_solubility_log_s0,log10(mol/L),True
mol-046ii,sc2019_tight,tight,-3.9,intrinsic_aqueous_solubility_log_s0,log10(mol/L),True
mol-047ii,sc2019_tight,tight,-4.34,intrinsic_aqueous_solubility_log_s0,log10(mol/L),True
mol-048ii,sc2019_tight,tight,-5.96,intrinsic_aqueous_solubility_log_s0,log10(mol/L),True
mol-049ii,sc2019_tight,tight,-1.78,intrinsic_aqueous_solubility_log_s0,log10(mol/L),True
mol-050ii,sc2019_tight,tight,-5.61,intrinsic_aqueous_solubility_log_s0,log10(mol/L),True
mol-051ii,sc2019_tight,tight,-4.52,intrinsic_aqueous_solubility_log_s0,log10(mol/L),True
mol-052ii,sc2019_tight,tight,-5.71,intrinsic_aqueous_solubility_log_s0,log10(mol/L),True
mol-053ii,sc2019_tight,tight,-4.85,intrinsic_aqueous_solubility_log_s0,log10(mol/L),True
mol-054ii,sc2019_tight,tight,-4.53,intrinsic_aqueous_solubility_log_s0,log10(mol/L),True
mol-055ii,sc2019_tight,tight,-5.48,intrinsic_aqueous_solubility_log_s0,log10(mol/L),True
mol-056ii,sc2019_tight,tight,-4.65,intrinsic_aqueous_solubility_log_s0,log10(mol/L),True
mol-057ii,sc2019_tight,tight,-5.47,intrinsic_aqueous_solubility_log_s0,log10(mol/L),True
mol-058ii,sc2019_tight,tight,-4.62,intrinsic_aqueous_solubility_log_s0,log10(mol/L),True
mol-059ii,sc2019_tight,tight,-3.88,intrinsic_aqueous_solubility_log_s0,log10(mol/L),True
mol-060ii,sc2019_tight,tight,-4.4,intrinsic_aqueous_solubility_log_s0,log10(mol/L),True
mol-061ii,sc2019_tight,tight,-4.23,intrinsic_aqueous_solubility_log_s0,log10(mol/L),True
mol-062ii,sc2019_tight,tight,-6.21,intrinsic_aqueous_solubility_log_s0,log10(mol/L),True
mol-063ii,sc2019_tight,tight,-3.41,intrinsic_aqueous_solubility_log_s0,log10(mol/L),True
mol-064ii,sc2019_tight,tight,-4.71,intrinsic_aqueous_solubility_log_s0,log10(mol/L),True
mol-065ii,sc2019_tight,tight,-4.74,intrinsic_aqueous_solubility_log_s0,log10(mol/L),True
mol-066ii,sc2019_tight,tight,-2.88,intrinsic_aqueous_solubility_log_s0,log10(mol/L),True
mol-067ii,sc2019_tight,tight,-3.93,intrinsic_aqueous_solubility_log_s0,log10(mol/L),True
mol-068ii,sc2019_tight,tight,-4.48,intrinsic_aqueous_solubility_log_s0,log10(mol/L),True
mol-069ii,sc2019_tight,tight,-2.03,intrinsic_aqueous_solubility_log_s0,log10(mol/L),True
mol-070ii,sc2019_tight,tight,-4.03,intrinsic_aqueous_solubility_log_s0,log10(mol/L),True
mol-071ii,sc2019_tight,tight,-3.94,intrinsic_aqueous_solubility_log_s0,log10(mol/L),True
mol-072ii,sc2019_tight,tight,-4.33,intrinsic_aqueous_solubility_log_s0,log10(mol/L),True
mol-073ii,sc2019_tight,tight,-4.48,intrinsic_aqueous_solubility_log_s0,log10(mol/L),True
mol-074ii,sc2019_tight,tight,-2.3,intrinsic_aqueous_solubility_log_s0,log10(mol/L),True
mol-075ii,sc2019_tight,tight,-4.02,intrinsic_aqueous_solubility_log_s0,log10(mol/L),True
mol-076ii,sc2019_tight,tight,-3.75,intrinsic_aqueous_solubility_log_s0,log10(mol/L),True
mol-077ii,sc2019_tight,tight,-4.86,intrinsic_aqueous_solubility_log_s0,log10(mol/L),True
mol-078ii,sc2019_tight,tight,-3.33,intrinsic_aqueous_solubility_log_s0,log10(mol/L),True
mol-079ii,sc2019_tight,tight,-2.53,intrinsic_aqueous_solubility_log_s0,log10(mol/L),True
mol-080ii,sc2019_tight,tight,-4.83,intrinsic_aqueous_solubility_log_s0,log10(mol/L),True
mol-081ii,sc2019_tight,tight,-4.45,intrinsic_aqueous_solubility_log_s0,log10(mol/L),True
mol-082ii,sc2019_tight,tight,-4.38,intrinsic_aqueous_solubility_log_s0,log10(mol/L),True
mol-083ii,sc2019_tight,tight,-4.77,intrinsic_aqueous_solubility_log_s0,log10(mol/L),True
mol-084ii,sc2019_tight,tight,-3.75,intrinsic_aqueous_solubility_log_s0,log10(mol/L),True
mol-085ii,sc2019_tight,tight,-5.17,intrinsic_aqueous_solubility_log_s0,log10(mol/L),True
mol-086ii,sc2019_tight,tight,-4.61,intrinsic_aqueous_solubility_log_s0,log10(mol/L),True
mol-087ii,sc2019_tight,tight,-4.21,intrinsic_aqueous_solubility_log_s0,log10(mol/L),True
mol-088ii,sc2019_tight,tight,-3.38,intrinsic_aqueous_solubility_log_s0,log10(mol/L),True
mol-089ii,sc2019_tight,tight,-6.41,intrinsic_aqueous_solubility_log_s0,log10(mol/L),True
mol-090ii,sc2019_tight,tight,-2.62,intrinsic_aqueous_solubility_log_s0,log10(mol/L),True
mol-091ii,sc2019_tight,tight,-2.16,intrinsic_aqueous_solubility_log_s0,log10(mol/L),True
mol-092ii,sc2019_tight,tight,-3.13,intrinsic_aqueous_solubility_log_s0,log10(mol/L),True
mol-093ii,sc2019_tight,tight,-4.96,intrinsic_aqueous_solubility_log_s0,log10(mol/L),True
mol-094ii,sc2019_tight,tight,-3.11,intrinsic_aqueous_solubility_log_s0,log10(mol/L),True
mol-095ii,sc2019_tight,tight,-3.22,intrinsic_aqueous_solubility_log_s0,log10(mol/L),True
mol-096ii,sc2019_tight,tight,-3.5,intrinsic_aqueous_solubility_log_s0,log10(mol/L),True
mol-097ii,sc2019_tight,tight,-3.52,intrinsic_aqueous_solubility_log_s0,log10(mol/L),True
mol-098ii,sc2019_tight,tight,-4.11,intrinsic_aqueous_solubility_log_s0,log10(mol/L),True
mol-099ii,sc2019_tight,tight,-4.78,intrinsic_aqueous_solubility_log_s0,log10(mol/L),True
mol-100ii,sc2019_tight,tight,-3.6,intrinsic_aqueous_solubility_log_s0,log10(mol/L),True
mol-184i,sc2019_loose,loose,-2.19,intrinsic_aqueous_solubility_log_s0,log10(mol/L),True
mol-203i,sc2019_loose,loose,-10.4,intrinsic_aqueous_solubility_log_s0,log10(mol/L),True
mol-208i,sc2019_loose,loose,-5.49,intrinsic_aqueous_solubility_log_s0,log10(mol/L),True
mol-660i,sc2019_loose,loose,-2.09,intrinsic_aqueous_solubility_log_s0,log10(mol/L),True
mol-678i,sc2019_loose,loose,-5.5,intrinsic_aqueous_solubility_log_s0,log10(mol/L),True
mol-690i,sc2019_loose,loose,-6.07,intrinsic_aqueous_solubility_log_s0,log10(mol/L),True
mol-824i,sc2019_loose,loose,-5.99,intrinsic_aqueous_solubility_log_s0,log10(mol/L),True
mol-883i,sc2019_loose,loose,-9.05,intrinsic_aqueous_solubility_log_s0,log10(mol/L),True
mol-923i,sc2019_loose,loose,-5.36,intrinsic_aqueous_solubility_log_s0,log10(mol/L),True
mol-971i,sc2019_loose,loose,-6.1,intrinsic_aqueous_solubility_log_s0,log10(mol/L),True
mol-983i,sc2019_loose,loose,-1.24,intrinsic_aqueous_solubility_log_s0,log10(mol/L),True
mol-1042i,sc2019_loose,loose,-4.99,intrinsic_aqueous_solubility_log_s0,log10(mol/L),True
mol-1065i,sc2019_loose,loose,-3.21,intrinsic_aqueous_solubility_log_s0,log10(mol/L),True
mol-1191i,sc2019_loose,loose,-1.96,intrinsic_aqueous_solubility_log_s0,log10(mol/L),True
mol-1198i,sc2019_loose,loose,-4.94,intrinsic_aqueous_solubility_log_s0,log10(mol/L),True
mol-1230i,sc2019_loose,loose,-5.84,intrinsic_aqueous_solubility_log_s0,log10(mol/L),True
mol-1536i,sc2019_loose,loose,-5.49,intrinsic_aqueous_solubility_log_s0,log10(mol/L),True
mol-1600i,sc2019_loose,loose,-8.98,intrinsic_aqueous_solubility_log_s0,log10(mol/L),True
mol-1767i,sc2019_loose,loose,-5.82,intrinsic_aqueous_solubility_log_s0,log10(mol/L),True
mol-1769i,sc2019_loose,loose,-5.22,intrinsic_aqueous_solubility_log_s0,log10(mol/L),True
mol-1957i,sc2019_loose,loose,-3.7,intrinsic_aqueous_solubility_log_s0,log10(mol/L),True
mol-2166i,sc2019_loose,loose,-6.2,intrinsic_aqueous_solubility_log_s0,log10(mol/L),True
mol-2220i,sc2019_loose,loose,-2.3,intrinsic_aqueous_solubility_log_s0,log10(mol/L),True
mol-2444i,sc2019_loose,loose,-3.06,intrinsic_aqueous_solubility_log_s0,log10(mol/L),True
mol-2475i,sc2019_loose,loose,-6.82,intrinsic_aqueous_solubility_log_s0,log10(mol/L),True
mol-2497i,sc2019_loose,loose,-4.09,intrinsic_aqueous_solubility_log_s0,log10(mol/L),True
mol-2571i,sc2019_loose,loose,-5.92,intrinsic_aqueous_solubility_log_s0,log10(mol/L),True
mol-2642i,sc2019_loose,loose,-3.74,intrinsic_aqueous_solubility_log_s0,log10(mol/L),True
mol-2694i,sc2019_loose,loose,-7.52,intrinsic_aqueous_solubility_log_s0,log10(mol/L),True
mol-2706i,sc2019_loose,loose,-6.73,intrinsic_aqueous_solubility_log_s0,log10(mol/L),True
mol-2718i,sc2019_loose,loose,-7.74,intrinsic_aqueous_solubility_log_s0,log10(mol/L),True
mol-2755i,sc2019_loose,loose,-3.97,intrinsic_aqueous_solubility_log_s0,log10(mol/L),True
