molecule_id,canonical_smiles_parent,external_ids,external_tasks,internal_observation_count,internal_source_count,internal_source_datasets
ADIMAYPTOBDMTL-UHFFFAOYSA-N,O=C1Nc2ccc(Cl)cc2C(c2ccccc2)=NC1O,mol-070ii,sc2019_tight,8,3,AqSolDB|Delaney|OCHEM
ARHWPKZXBHOEEE-UHFFFAOYSA-N,C=CCOc1ccc(CC(=O)O)cc1Cl,mol-003ii,sc2019_tight,3,2,AqSolDB|OCHEM
BLXXJMDCKKHMKV-UHFFFAOYSA-N,COc1ccc2cc(CCC(C)=O)ccc2c1,mol-060ii,sc2019_tight,2,2,AqSolDB|OCHEM
CBVCZFGXHXORBI-PXQQMZJSSA-N,CC(C)(C)NC(=O)[C@@H]1CN(Cc2cccnc2)CCN1C[C@@H](O)C[C@@H](Cc1ccccc1)C(=O)N[C@H]1c2ccccc2C[C@H]1O,mol-054ii,sc2019_tight,1,1,OCHEM
CMWTZPSULFXXJA-UHFFFAOYSA-N,COc1ccc2cc(C(C)C(=O)O)ccc2c1,mol-061ii,sc2019_tight,10,4,AQUA|AqSolDB|OCHEM|PHYSPROP
DPSPPJIUMHPXMA-UHFFFAOYSA-N,CC1CCc2cc(F)cc3c(=O)c(C(=O)O)cn1c23,mol-046ii,sc2019_tight,3,2,AqSolDB|OCHEM
GDLBFKVLRPITMI-UHFFFAOYSA-N,CC1=NS(=O)(=O)c2cc(Cl)ccc2N1,mol-032ii,sc2019_tight,4,2,AqSolDB|OCHEM
GFNANZIMVAIWHM-OBYCQNJPSA-N,C[C@]12C=CC(=O)C=C1CC[C@H]1[C@@H]3C[C@@H](O)[C@](O)(C(=O)CO)[C@@]3(C)C[C@H](O)[C@@]12F,mol-097ii,sc2019_tight,2,2,AqSolDB|OCHEM
GKCBAIGFKIBETG-UHFFFAOYSA-N,CCCCNc1ccc(C(=O)OCCN(C)C)cc1,mol-094ii,sc2019_tight,2,2,AqSolDB|OCHEM
GSDSWSVVBLHKDQ-UHFFFAOYSA-N,CC1COc2c(N3CCN(C)CC3)c(F)cc3c(=O)c(C(=O)O)cn1c23,mol-069ii,sc2019_tight,3,2,AqSolDB|OCHEM
GZUITABIAKMVPG-UHFFFAOYSA-N,O=C(c1ccc(OCCN2CCCCC2)cc1)c1c(-c2ccc(O)cc2)sc2cc(O)ccc12,mol-2475i,sc2019_loose,1,1,OCHEM
HYIMSNHJOBLJNT-UHFFFAOYSA-N,COC(=O)C1=C(C)NC(C)=C(C(=O)OC)C1c1ccccc1[N+](=O)[O-],mol-064ii,sc2019_tight,10,3,AqSolDB|Delaney|OCHEM
ITRJWOMZKQRYTA-RFZYENFJSA-N,CC(=O)OCC(=O)[C@@]1(O)CC[C@H]2[C@@H]3CCC4=CC(=O)CC[C@]4(C)[C@H]3C(=O)C[C@@]21C,mol-027ii,sc2019_tight,4,2,AqSolDB|OCHEM
IYIKLHRQXLHMJQ-UHFFFAOYSA-N,CCCCc1oc2ccccc2c1C(=O)c1cc(I)c(OCCN(CC)CC)c(I)c1,mol-203i,sc2019_loose,1,1,OCHEM
JYHCQVWYCGHXGP-BPPSBWQWSA-N,CN(C)[C@@H]1C(=O)/C(=C(\N)O)C(=O)[C@@]2(O)C(=O)C3=C(O)c4c(O)cccc4[C@@](C)(O)[C@H]3C[C@@H]12,mol-095ii,sc2019_tight,1,1,AqSolDB
JZQKKSLKJUAGIC-UHFFFAOYSA-N,CC(C)NCC(O)COc1cccc2[nH]ccc12,mol-076ii,sc2019_tight,5,2,AqSolDB|OCHEM
KPYSYYIEGFHWSV-UHFFFAOYSA-N,NCC(CC(=O)O)c1ccc(Cl)cc1,mol-008ii,sc2019_tight,3,2,AqSolDB|OCHEM
KUCQYCKVKVOKAY-UHFFFAOYSA-N,O=C1C(O)=C(C2CCC(c3ccc(Cl)cc3)CC2)C(=O)c2ccccc21,mol-006ii,sc2019_tight,4,3,AqSolDB|Delaney|OCHEM
KXGVEGMKQFWNSR-LLQZFEROSA-N,C[C@H](CCC(=O)O)[C@H]1CC[C@H]2[C@@H]3CC[C@@H]4C[C@H](O)CC[C@]4(C)[C@H]3C[C@H](O)[C@]12C,mol-021ii,sc2019_tight,2,2,AqSolDB|OCHEM
LXMSZDCAJNLERA-ZHYRCANASA-N,CC(=O)S[C@@H]1CC2=CC(=O)CC[C@]2(C)[C@H]2CC[C@@]3(C)[C@@H](CC[C@@]34CCC(=O)O4)[C@H]12,mol-087ii,sc2019_tight,2,2,AqSolDB|OCHEM
MLKXDPUZXIRXEP-MFOYZWKCSA-N,CC1=C(CC(=O)O)c2cc(F)ccc2/C1=C\c1ccc([S+](C)[O-])cc1,mol-093ii,sc2019_tight,2,2,AqSolDB|OCHEM
NDTSRXAMMQDVSW-UHFFFAOYSA-N,NS(=O)(=O)c1cc2c(cc1Cl)NC(CSCc1ccccc1)=NS2(=O)=O,mol-010ii,sc2019_tight,1,1,OCHEM
NKANXQFJJICGDU-QPLCGJKRSA-N,CC/C(=C(\c1ccccc1)c1ccc(OCCN(C)C)cc1)c1ccccc1,mol-2694i,sc2019_loose,2,2,AqSolDB|OCHEM
NQDJXKOVJZTUJA-UHFFFAOYSA-N,Cc1ccnc2c1NC(=O)c1cccnc1N2C1CC1,mol-063ii,sc2019_tight,9,3,AqSolDB|Delaney|OCHEM
OMFXVFTZEKFJBZ-HJTSIMOOSA-N,C[C@]12C[C@H](O)[C@H]3[C@@H](CCC4=CC(=O)CC[C@@]43C)[C@@H]1CC[C@@H]2C(=O)CO,mol-026ii,sc2019_tight,6,2,AqSolDB|OCHEM
OUZWUKMCLIBBOG-UHFFFAOYSA-N,CCOc1ccc2nc(S(N)(=O)=O)sc2c1,mol-042ii,sc2019_tight,14,5,AQUA|AqSolDB|Delaney|OCHEM|PHYSPROP
OVBPIULPVIDEAO-LBPRGKRZSA-N,Nc1nc(=O)c2nc(CNc3ccc(C(=O)N[C@@H](CCC(=O)O)C(=O)O)cc3)cnc2[nH]1,mol-048ii,sc2019_tight,2,1,OCHEM
OVCDSSHSILBFBN-UHFFFAOYSA-N,CCN(CC)Cc1cc(Nc2ccnc3cc(Cl)ccc23)ccc1O,mol-208i,sc2019_loose,2,2,AqSolDB|OCHEM
PHVGLTMQBUFIQQ-UHFFFAOYSA-N,CNCCC=C1c2ccccc2CCc2ccccc21,mol-067ii,sc2019_tight,2,2,AqSolDB|OCHEM
POZRVZJJTULAOH-LHZXLZLDSA-N,C#C[C@]1(O)CC[C@H]2[C@@H]3CCC4=Cc5oncc5C[C@]4(C)[C@H]3CC[C@@]21C,mol-971i,sc2019_loose,1,1,OCHEM
QMGVPVSNSZLJIA-FVWCLLPLSA-N,O=C1C[C@@H]2OCC=C3CN4CC[C@]56c7ccccc7N1[C@H]5[C@H]2[C@H]3C[C@H]46,mol-088ii,sc2019_tight,3,2,AqSolDB|OCHEM
QPFYXYFORQJZEC-UHFFFAOYSA-N,Nc1ccc(N=Nc2ccccc2)c(N)n1,mol-075ii,sc2019_tight,3,2,AqSolDB|OCHEM
QSLMDECMDJKHMQ-UHFFFAOYSA-N,CNCCCC12CCC(c3ccccc31)c1ccccc12,mol-058ii,sc2019_tight,3,2,AqSolDB|OCHEM
QTXVAVXCBMYBJW-UHFFFAOYSA-N,CC(=O)CC(c1ccccc1)c1c(O)oc2ccccc2c1=O,mol-099ii,sc2019_tight,1,1,AqSolDB
RJMIEHBSYVWVIN-UHFFFAOYSA-N,CC(C(=O)O)c1ccc(N2Cc3ccccc3C2=O)cc1,mol-056ii,sc2019_tight,3,2,AqSolDB|OCHEM
RKWGIWYCVPQPMF-UHFFFAOYSA-N,CCCNC(=O)NS(=O)(=O)c1ccc(Cl)cc1,mol-020ii,sc2019_tight,12,4,AQUA|AqSolDB|OCHEM|PHYSPROP
RZEKVGVHFLEQIL-UHFFFAOYSA-N,Cc1ccc(-c2cc(C(F)(F)F)nn2-c2ccc(S(N)(=O)=O)cc2)cc1,mol-018ii,sc2019_tight,2,2,AqSolDB|OCHEM
SUBDBMMJDZJVOS-UHFFFAOYSA-N,COc1ccc2[nH]c([S+]([O-])Cc3ncc(C)c(OC)c3C)nc2c1,mol-1957i,sc2019_loose,3,2,AqSolDB|OCHEM
UREBDLICKHMUKA-CXSFZGCWSA-N,C[C@@H]1C[C@H]2[C@@H]3CCC4=CC(=O)C=C[C@]4(C)[C@@]3(F)[C@@H](O)C[C@]2(C)[C@@]1(O)C(=O)CO,mol-031ii,sc2019_tight,6,2,AqSolDB|OCHEM
VHVPQPYKVGDNFY-ZPGVKDDISA-N,CCC(C)n1ncn(-c2ccc(N3CCN(c4ccc(OC[C@H]5CO[C@](Cn6cncn6)(c6ccc(Cl)cc6Cl)O5)cc4)CC3)cc2)c1=O,mol-1600i,sc2019_loose,2,1,OCHEM
VMIYHDSEFNYJSL-UHFFFAOYSA-N,O=C1CN=C(c2ccccn2)c2cc(Br)ccc2N1,mol-011ii,sc2019_tight,2,1,OCHEM
VOXZDWNPVJITMN-SFFUCWETSA-N,C[C@]12CC[C@@H]3c4ccc(O)cc4CC[C@H]3[C@@H]1CC[C@H]2O,mol-040ii,sc2019_tight,4,2,AqSolDB|OCHEM
WDQPAMHFFCXSNU-UHFFFAOYSA-N,CC(C)N=c1cc2n(-c3ccc(Cl)cc3)c3ccccc3nc-2cc1Nc1ccc(Cl)cc1,mol-883i,sc2019_loose,3,2,AqSolDB|OCHEM
WSPOMRSOLSGNFJ-AUWJEWJLSA-N,CN(C)CC/C=C1/c2ccccc2Sc2ccc(Cl)cc21,mol-824i,sc2019_loose,5,2,AqSolDB|OCHEM
XMAYWYJOQHXEEK-OZXSUGGESA-N,CC(=O)N1CCN(c2ccc(OC[C@H]3CO[C@](Cn4ccnc4)(c4ccc(Cl)cc4Cl)O3)cc2)CC1,mol-057ii,sc2019_tight,1,1,OCHEM
YZMCKZRAOLZXAZ-UHFFFAOYSA-N,Cc1cc(NS(=O)(=O)c2ccc(N)cc2)nc(C)n1,mol-091ii,sc2019_tight,11,4,AQUA|AqSolDB|OCHEM|PHYSPROP
ZJJXGWJIGJFDTL-UHFFFAOYSA-N,Cc1cnc(C(=O)NCCc2ccc(S(=O)(=O)NC(=O)NC3CCCCC3)cc2)cn1,mol-050ii,sc2019_tight,2,2,AqSolDB|OCHEM
ZZORFUFYDOWNEF-UHFFFAOYSA-N,COc1cc(NS(=O)(=O)c2ccc(N)cc2)nc(OC)n1,mol-2642i,sc2019_loose,11,4,AQUA|AqSolDB|OCHEM|PHYSPROP
