external_id,external_task,measurement_quality,compound_name,molecule_id,canonical_smiles_parent,internal_observation_count,internal_source_count,internal_source_datasets,exact_internal_overlap,maximum_primary_training_tanimoto_similarity,nearest_primary_training_molecule_id,exact_primary_training_overlap,nearest_primary_training_neighbor_is_exact_match
mol-1042i,sc2019_loose,loose,Diflunisal,HUPFGZXOMWLGNK-UHFFFAOYSA-N,O=C(O)c1cc(-c2ccc(F)cc2F)ccc1O,5,2,AqSolDB|OCHEM,True,0.45714286,WXTMDXOMEHJXQO-UHFFFAOYSA-N,False,False
mol-1065i,sc2019_loose,loose,Diphenhydramine,ZZVUWRFHKOJYTH-UHFFFAOYSA-N,CN(C)CCOC(c1ccccc1)c1ccccc1,3,2,AqSolDB|OCHEM,True,0.72727275,QVYRGXJJSLMXQH-UHFFFAOYSA-N,False,False
mol-1191i,sc2019_loose,loose,Etoxadrol,INOYCBNLWYEPSB-XHSDSOJGSA-N,CC[C@]1(c2ccccc2)OC[C@H]([C@@H]2CCCCN2)O1,0,0,,False,0.63265306,INOYCBNLWYEPSB-UHFFFAOYSA-N,False,False
mol-1198i,sc2019_loose,loose,Ezetimibe,OLNTVTPDXPETLC-XPWALMASSA-N,O=C1[C@H](CC[C@H](O)c2ccc(F)cc2)[C@@H](c2ccc(O)cc2)N1c1ccc(F)cc1,0,0,,False,0.30508474,HFHZKZSRXITVMK-QGZVFWFLSA-N,False,False
mol-1230i,sc2019_loose,loose,Fentiazac,JIEKMACRVQTPRC-UHFFFAOYSA-N,O=C(O)Cc1sc(-c2ccccc2)nc1-c1ccc(Cl)cc1,7,2,AqSolDB|OCHEM,True,0.425,QRZAKQDHEVVFRX-UHFFFAOYSA-N,False,False
mol-1536i,sc2019_loose,loose,Iopanoic Acid,OIRFJRBSRORBCM-UHFFFAOYSA-N,CCC(Cc1c(I)cc(I)c(N)c1I)C(=O)O,3,2,AqSolDB|OCHEM,True,0.42857143,GSVQIUGOUKJHRC-UHFFFAOYSA-N,False,False
mol-1600i,sc2019_loose,loose,Itraconazole,VHVPQPYKVGDNFY-ZPGVKDDISA-N,CCC(C)n1ncn(-c2ccc(N3CCN(c4ccc(OC[C@H]5CO[C@](Cn6cncn6)(c6ccc(Cl)cc6Cl)O5)cc4)CC3)cc2)c1=O,2,1,OCHEM,True,1.0,VHVPQPYKVGDNFY-ZPGVKDDISA-N,True,True
mol-1767i,sc2019_loose,loose,Miconazole,BYBLEWFAAKGYCD-UHFFFAOYSA-N,Clc1ccc(COC(Cn2ccnc2)c2ccc(Cl)cc2Cl)c(Cl)c1,5,2,AqSolDB|OCHEM,True,0.84782606,UXZDCVPAHZEYLF-UHFFFAOYSA-N,False,False
mol-1769i,sc2019_loose,loose,Mifepristone,VKHAHZOOUSRJNA-GCNJZUOMSA-N,CC#C[C@]1(O)CC[C@H]2[C@@H]3CCC4=CC(=O)CCC4=C3[C@@H](c3ccc(N(C)C)cc3)C[C@@]21C,0,0,,False,0.74242425,HKDLNTKNLJPAIY-WKWWZUSTSA-N,False,False
mol-184i,sc2019_loose,loose,Amantadine,DKNWSYNQZKUICI-UHFFFAOYSA-N,NC12CC3CC(CC(C3)C1)C2,4,2,AqSolDB|OCHEM,True,0.22222222,NJUKVGCFDZUOHB-UHFFFAOYSA-N,False,False
mol-1957i,sc2019_loose,loose,Omeprazole,SUBDBMMJDZJVOS-UHFFFAOYSA-N,COc1ccc2[nH]c([S+]([O-])Cc3ncc(C)c(OC)c3C)nc2c1,3,2,AqSolDB|OCHEM,True,1.0,SUBDBMMJDZJVOS-UHFFFAOYSA-N,True,True
mol-203i,sc2019_loose,loose,Amiodarone,IYIKLHRQXLHMJQ-UHFFFAOYSA-N,CCCCc1oc2ccccc2c1C(=O)c1cc(I)c(OCCN(CC)CC)c(I)c1,1,1,OCHEM,True,1.0,IYIKLHRQXLHMJQ-UHFFFAOYSA-N,True,True
mol-208i,sc2019_loose,loose,Amodiaquine,OVCDSSHSILBFBN-UHFFFAOYSA-N,CCN(CC)Cc1cc(Nc2ccnc3cc(Cl)ccc23)ccc1O,2,2,AqSolDB|OCHEM,True,1.0,OVCDSSHSILBFBN-UHFFFAOYSA-N,True,True
mol-2166i,sc2019_loose,loose,Pioglitazone,HYAFETHFCAUJAY-UHFFFAOYSA-N,CCc1ccc(CCOc2ccc(CC3SC(=O)NC3=O)cc2)nc1,0,0,,False,0.4225352,GXPHKUHSUJUWKP-UHFFFAOYSA-N,False,False
mol-2220i,sc2019_loose,loose,Procaine,MFDFERRIHVXMIY-UHFFFAOYSA-N,CCN(CC)CCOC(=O)c1ccc(N)cc1,16,4,AQUA|AqSolDB|OCHEM|PHYSPROP,True,0.68421054,OWWVHQUOYSPNNE-UHFFFAOYSA-N,False,False
mol-2444i,sc2019_loose,loose,Quinine,LOUPRKONTZGTKE-FOEVPDMQSA-N,C=C[C@H]1CN2CC[C@@H]1C[C@H]2[C@H](O)c1ccnc2ccc(OC)cc12,1,1,OCHEM,True,0.96428573,LOUPRKONTZGTKE-VOMFEXJBSA-N,False,False
mol-2475i,sc2019_loose,loose,Raloxifene,GZUITABIAKMVPG-UHFFFAOYSA-N,O=C(c1ccc(OCCN2CCCCC2)cc1)c1c(-c2ccc(O)cc2)sc2cc(O)ccc12,1,1,OCHEM,True,1.0,GZUITABIAKMVPG-UHFFFAOYSA-N,True,True
mol-2497i,sc2019_loose,loose,Rifabutin,ATEBXHFBFRCZMA-UHFFFAOYSA-N,COC1C=COC2(C)Oc3c(C)c(O)c4c(c3C2=O)C2=NC3(CCN(CC(C)C)CC3)NC2=C(NC(=O)C(C)=CC=CC(C)C(O)C(C)C(O)C(C)C(OC(C)=O)C1C)C4=O,0,0,,False,0.375,JQXXHWHPUNPDRT-AHYHWTFRSA-N,False,False
mol-2571i,sc2019_loose,loose,Saquinavir,QWAXKHKRTORLEM-UGJKXSETSA-N,CC(C)(C)NC(=O)[C@@H]1C[C@@H]2CCCC[C@@H]2CN1C[C@@H](O)[C@H](Cc1ccccc1)NC(=O)[C@H](CC(N)=O)NC(=O)c1ccc2ccccc2n1,0,0,,False,0.6082474,QWAXKHKRTORLEM-UHFFFAOYSA-N,False,False
mol-2642i,sc2019_loose,loose,Sulfadimethoxine,ZZORFUFYDOWNEF-UHFFFAOYSA-N,COc1cc(NS(=O)(=O)c2ccc(N)cc2)nc(OC)n1,11,4,AQUA|AqSolDB|OCHEM|PHYSPROP,True,1.0,ZZORFUFYDOWNEF-UHFFFAOYSA-N,True,True
mol-2694i,sc2019_loose,loose,Tamoxifen,NKANXQFJJICGDU-QPLCGJKRSA-N,CC/C(=C(\c1ccccc1)c1ccc(OCCN(C)C)cc1)c1ccccc1,2,2,AqSolDB|OCHEM,True,1.0,NKANXQFJJICGDU-QPLCGJKRSA-N,True,True
mol-2706i,sc2019_loose,loose,Telmisartan,RMMXLENWKUUMAY-UHFFFAOYSA-N,CCCc1nc2c(C)cc(-c3nc4ccccc4n3C)cc2n1Cc1ccc(-c2ccccc2C(=O)O)cc1,0,0,,False,0.3678161,HTQMVQVXFRQIKW-UHFFFAOYSA-N,False,False
mol-2718i,sc2019_loose,loose,Terfenadine,GUGOEEXESWIERI-UHFFFAOYSA-N,CC(C)(C)c1ccc(C(O)CCCN2CCC(C(O)(c3ccccc3)c3ccccc3)CC2)cc1,8,2,AqSolDB|OCHEM,True,0.38,ZMISODWVFHHWNR-UHFFFAOYSA-N,False,False
mol-2755i,sc2019_loose,loose,Thiabendazole,WJCNZQLZVWNLKY-UHFFFAOYSA-N,c1ccc2[nH]c(-c3cscn3)nc2c1,8,2,AqSolDB|OCHEM,True,0.44186047,CSAHSZPPHOXJAP-UHFFFAOYSA-N,False,False
mol-660i,sc2019_loose,loose,Bisoprolol,VHYCDWMUTMEGQY-UHFFFAOYSA-N,CC(C)NCC(O)COc1ccc(COCCOC(C)C)cc1,0,0,,False,0.5714286,METKIMKYRPQLGS-LBPRGKRZSA-N,False,False
mol-678i,sc2019_loose,loose,Bromocriptine,OZVBMTJYIDMWIL-AYFBDAFISA-N,CC(C)C[C@H]1C(=O)N2CCC[C@H]2[C@]2(O)O[C@](NC(=O)[C@@H]3C=C4c5cccc6[nH]c(Br)c(c56)C[C@H]4N(C)C3)(C(C)C)C(=O)N12,0,0,,False,0.35238096,SBHNNNRQZGYOAU-UHFFFAOYSA-N,False,False
mol-690i,sc2019_loose,loose,Buprenorphine,RMRJXGBAOAMLHD-LDFHUFRKSA-N,CO[C@]12CC[C@@]3(C[C@@H]1[C@@](C)(O)C(C)(C)C)[C@H]1Cc4ccc(O)c5c4[C@@]3(CCN1CC1CC1)[C@H]2O5,0,0,,False,0.9692308,RMRJXGBAOAMLHD-AGMYMXDYSA-N,False,False
mol-824i,sc2019_loose,loose,Chlorprothixene,WSPOMRSOLSGNFJ-AUWJEWJLSA-N,CN(C)CC/C=C1/c2ccccc2Sc2ccc(Cl)cc21,5,2,AqSolDB|OCHEM,True,1.0,WSPOMRSOLSGNFJ-AUWJEWJLSA-N,True,True
mol-883i,sc2019_loose,loose,Clofazimine,WDQPAMHFFCXSNU-UHFFFAOYSA-N,CC(C)N=c1cc2n(-c3ccc(Cl)cc3)c3ccccc3nc-2cc1Nc1ccc(Cl)cc1,3,2,AqSolDB|OCHEM,True,1.0,WDQPAMHFFCXSNU-UHFFFAOYSA-N,True,True
mol-923i,sc2019_loose,loose,Curcumin,VFLDPWHFBUODDF-FCXRPNKRSA-N,COc1cc(/C=C/C(=O)CC(=O)/C=C/c2ccc(O)c(OC)c2)ccc1O,0,0,,False,0.74285716,KSEBMYQBYZTDHS-HWKANZROSA-N,False,False
mol-971i,sc2019_loose,loose,Danazol,POZRVZJJTULAOH-LHZXLZLDSA-N,C#C[C@]1(O)CC[C@H]2[C@@H]3CCC4=Cc5oncc5C[C@]4(C)[C@H]3CC[C@@]21C,1,1,OCHEM,True,1.0,POZRVZJJTULAOH-LHZXLZLDSA-N,True,True
mol-983i,sc2019_loose,loose,Didanosine,BXZVVICBKDXVGW-NKWVEPMBSA-N,O=c1[nH]cnc2c1ncn2[C@H]1CC[C@@H](CO)O1,0,0,,False,0.64,BXZVVICBKDXVGW-UHFFFAOYSA-N,False,False
mol-001ii,sc2019_tight,tight,Acetazolamide,BZKPWHYZMXOIDC-UHFFFAOYSA-N,CC(=O)Nc1nnc(S(N)(=O)=O)s1,17,5,AQUA|AqSolDB|Delaney|OCHEM|PHYSPROP,True,0.61904764,NQSAAPCTPUNSPD-UHFFFAOYSA-N,False,False
mol-002ii,sc2019_tight,tight,Acetylsalicylic_Acid,BSYNRYMUTXBXSQ-UHFFFAOYSA-N,CC(=O)Oc1ccccc1C(=O)O,15,4,AQUA|AqSolDB|OCHEM|PHYSPROP,True,0.6666667,ONWPLBKWMAUFGZ-UHFFFAOYSA-N,False,False
mol-003ii,sc2019_tight,tight,Alclofenac,ARHWPKZXBHOEEE-UHFFFAOYSA-N,C=CCOc1ccc(CC(=O)O)cc1Cl,3,2,AqSolDB|OCHEM,True,1.0,ARHWPKZXBHOEEE-UHFFFAOYSA-N,True,True
mol-004ii,sc2019_tight,tight,Ambroxol,JBDGDEWWOUBZPM-XYPYZODXSA-N,Nc1c(Br)cc(Br)cc1CN[C@H]1CC[C@H](O)CC1,0,0,,False,0.25581396,HWAFCRWGGRVEQL-UHFFFAOYSA-N,False,False
mol-005ii,sc2019_tight,tight,Aripiprazole,CEUORZQYGODEFX-UHFFFAOYSA-N,O=C1CCc2ccc(OCCCCN3CCN(c4cccc(Cl)c4Cl)CC3)cc2N1,0,0,,False,0.2820513,GNDPMKMIFIOZEP-UHFFFAOYSA-N,False,False
mol-006ii,sc2019_tight,tight,Atovaquone,KUCQYCKVKVOKAY-UHFFFAOYSA-N,O=C1C(O)=C(C2CCC(c3ccc(Cl)cc3)CC2)C(=O)c2ccccc21,4,3,AqSolDB|Delaney|OCHEM,True,1.0,KUCQYCKVKVOKAY-CTYIDZIISA-N,True,True
mol-007ii,sc2019_tight,tight,Atrazine,MXWJVTOOROXGIU-UHFFFAOYSA-N,CCNc1nc(Cl)nc(NC(C)C)n1,16,5,AQUA|AqSolDB|Delaney|OCHEM|PHYSPROP,True,0.7419355,ZVPGYHKLHJKWML-UHFFFAOYSA-N,False,False
mol-008ii,sc2019_tight,tight,Baclofen,KPYSYYIEGFHWSV-UHFFFAOYSA-N,NCC(CC(=O)O)c1ccc(Cl)cc1,3,2,AqSolDB|OCHEM,True,1.0,KPYSYYIEGFHWSV-UHFFFAOYSA-N,True,True
mol-009ii,sc2019_tight,tight,"Barbital,Buta-",ZRIHAIZYIMGOAB-UHFFFAOYSA-N,CCC(C)C1(CC)C(=O)NC(=O)NC1=O,8,3,AqSolDB|Delaney|OCHEM,True,0.7037037,ZRIHAIZYIMGOAB-LURJTMIESA-N,False,False
mol-010ii,sc2019_tight,tight,Benzthiazide,NDTSRXAMMQDVSW-UHFFFAOYSA-N,NS(=O)(=O)c1cc2c(cc1Cl)NC(CSCc1ccccc1)=NS2(=O)=O,1,1,OCHEM,True,0.62711865,NDTSRXAMMQDVSW-UHFFFAOYSA-N,True,False
mol-011ii,sc2019_tight,tight,Bromazepam,VMIYHDSEFNYJSL-UHFFFAOYSA-N,O=C1CN=C(c2ccccn2)c2cc(Br)ccc2N1,2,1,OCHEM,True,1.0,VMIYHDSEFNYJSL-UHFFFAOYSA-N,True,True
mol-012ii,sc2019_tight,tight,Candesartan_cilexetil,GHOSNRCGJFBJIB-UHFFFAOYSA-N,CCOc1nc2cccc(C(=O)OC(C)OC(=O)OC3CCCCC3)c2n1Cc1ccc(-c2ccccc2-c2nn[nH]n2)cc1,0,0,,False,0.6666667,HTQMVQVXFRQIKW-UHFFFAOYSA-N,False,False
mol-013ii,sc2019_tight,tight,Carbamazepine,FFGPTBGBLSHEPO-UHFFFAOYSA-N,NC(=O)N1c2ccccc2C=Cc2ccccc21,8,2,AqSolDB|OCHEM,True,0.5483871,PRGQOPPDPVELEG-UHFFFAOYSA-N,False,False
mol-014ii,sc2019_tight,tight,Carbazole,UJOBWOGCFQCDNV-UHFFFAOYSA-N,c1ccc2c(c1)[nH]c1ccccc12,15,5,AQUA|AqSolDB|Delaney|OCHEM|PHYSPROP,True,0.6086956,AIFRHYZBTHREPW-UHFFFAOYSA-N,False,False
mol-015ii,sc2019_tight,tight,Carbendazim,TWFZGCMQGLPBSX-UHFFFAOYSA-N,COC(=O)Nc1nc2ccccc2[nH]1,8,3,AqSolDB|OCHEM|PHYSPROP,True,0.6363636,HDDSHPAODJUKPD-UHFFFAOYSA-N,False,False
mol-016ii,sc2019_tight,tight,Cefmenoxime,HJJDBAOLQAWBMH-YCRCPZNHSA-N,CO/N=C(\C(=O)N[C@@H]1C(=O)N2C(C(=O)O)=C(CSc3nnnn3C)CS[C@H]12)c1csc(N)n1,0,0,,False,0.5154639,ORFOPKXBNMVMKC-DWVKKRMSSA-N,False,False
mol-017ii,sc2019_tight,tight,Cefprozil,WDLWHQDACQUCJR-ZAMMOSSLSA-N,C/C=C/C1=C(C(=O)O)N2C(=O)[C@@H](NC(=O)[C@H](N)c3ccc(O)cc3)[C@H]2SC1,0,0,,False,0.62903225,ZAIPMKNFIOOWCQ-UEKVPHQBSA-N,False,False
mol-018ii,sc2019_tight,tight,Celecoxib,RZEKVGVHFLEQIL-UHFFFAOYSA-N,Cc1ccc(-c2cc(C(F)(F)F)nn2-c2ccc(S(N)(=O)=O)cc2)cc1,2,2,AqSolDB|OCHEM,True,1.0,RZEKVGVHFLEQIL-UHFFFAOYSA-N,True,True
mol-019ii,sc2019_tight,tight,Cephradine,RDLPVSKMFDYCOR-UEKVPHQBSA-N,CC1=C(C(=O)O)N2C(=O)[C@@H](NC(=O)[C@H](N)C3=CCC=CC3)[C@H]2SC1,0,0,,False,0.6779661,ZAIPMKNFIOOWCQ-UEKVPHQBSA-N,False,False
mol-020ii,sc2019_tight,tight,Chlorpropamide,RKWGIWYCVPQPMF-UHFFFAOYSA-N,CCCNC(=O)NS(=O)(=O)c1ccc(Cl)cc1,12,4,AQUA|AqSolDB|OCHEM|PHYSPROP,True,1.0,RKWGIWYCVPQPMF-UHFFFAOYSA-N,True,True
mol-021ii,sc2019_tight,tight,"Cholic_Acid,Deoxy-",KXGVEGMKQFWNSR-LLQZFEROSA-N,C[C@H](CCC(=O)O)[C@H]1CC[C@H]2[C@@H]3CC[C@@H]4C[C@H](O)CC[C@]4(C)[C@H]3C[C@H](O)[C@]12C,2,2,AqSolDB|OCHEM,True,1.0,KXGVEGMKQFWNSR-LLQZFEROSA-N,True,True
mol-022ii,sc2019_tight,tight,Cilostazol,RRGUKTPIGVIEKM-UHFFFAOYSA-N,O=C1CCc2cc(OCCCCc3nnnn3C3CCCCC3)ccc2N1,0,0,,False,0.2835821,HFLJOXHDBCRLQR-UHFFFAOYSA-N,False,False
mol-023ii,sc2019_tight,tight,Cimetidine,AQIXAKUUQRKLND-UHFFFAOYSA-N,CN=C(NC#N)NCCSCc1nc[nH]c1C,19,4,AQUA|AqSolDB|OCHEM|PHYSPROP,True,0.45614034,LQTMSEUECHISIH-UHFFFAOYSA-N,False,False
mol-024ii,sc2019_tight,tight,Ciprofloxacin,MYSWGUAQZAJSOK-UHFFFAOYSA-N,O=C(O)c1cn(C2CC2)c2cc(N3CCNCC3)c(F)cc2c1=O,10,2,AqSolDB|OCHEM,True,0.7169811,CTJMNBROBOZHAP-UHFFFAOYSA-N,False,False
mol-025ii,sc2019_tight,tight,Cisapride,DCSUBABJRXZOMT-UHFFFAOYSA-N,COc1cc(N)c(Cl)cc1C(=O)NC1CCN(CCCOc2ccc(F)cc2)CC1OC,0,0,,False,0.5138889,FEROPKNOYKURCJ-UHFFFAOYSA-N,False,False
mol-026ii,sc2019_tight,tight,Corticosterone,OMFXVFTZEKFJBZ-HJTSIMOOSA-N,C[C@]12C[C@H](O)[C@H]3[C@@H](CCC4=CC(=O)CC[C@@]43C)[C@@H]1CC[C@@H]2C(=O)CO,6,2,AqSolDB|OCHEM,True,1.0,OMFXVFTZEKFJBZ-HJTSIMOOSA-N,True,True
mol-027ii,sc2019_tight,tight,Cortisone_Acetate,ITRJWOMZKQRYTA-RFZYENFJSA-N,CC(=O)OCC(=O)[C@@]1(O)CC[C@H]2[C@@H]3CCC4=CC(=O)CC[C@]4(C)[C@H]3C(=O)C[C@@]21C,4,2,AqSolDB|OCHEM,True,1.0,ITRJWOMZKQRYTA-RFZYENFJSA-N,True,True
mol-028ii,sc2019_tight,tight,Cyclosporine_A,PMATZTZNYRCHOR-UHFFFAOYSA-N,CC=CCC(C)C(O)C1C(=O)NC(CC)C(=O)N(C)CC(=O)N(C)C(CC(C)C)C(=O)NC(C(C)C)C(=O)N(C)C(CC(C)C)C(=O)NC(C)C(=O)NC(C)C(=O)N(C)C(CC(C)C)C(=O)N(C)C(CC(C)C)C(=O)N(C)C(C(C)C)C(=O)N1C,0,0,,False,0.87341774,PMATZTZNYRCHOR-IMVLJIQESA-N,False,False
mol-029ii,sc2019_tight,tight,Daidzein,ZQSIJRDFPHDXIC-UHFFFAOYSA-N,O=c1c(-c2ccc(O)cc2)coc2cc(O)ccc12,0,0,,False,0.3255814,IRUHWRSITUYICV-UHFFFAOYSA-N,False,False
mol-030ii,sc2019_tight,tight,Desipramine,HCYAFALTSJYZDH-UHFFFAOYSA-N,CNCCCN1c2ccccc2CCc2ccccc21,15,4,AQUA|AqSolDB|OCHEM|PHYSPROP,True,0.42857143,ZSCDBOWYZJWBIY-UHFFFAOYSA-N,False,False
mol-031ii,sc2019_tight,tight,Dexamethasone,UREBDLICKHMUKA-CXSFZGCWSA-N,C[C@@H]1C[C@H]2[C@@H]3CCC4=CC(=O)C=C[C@]4(C)[C@@]3(F)[C@@H](O)C[C@]2(C)[C@@]1(O)C(=O)CO,6,2,AqSolDB|OCHEM,True,1.0,UREBDLICKHMUKA-CXSFZGCWSA-N,True,True
mol-032ii,sc2019_tight,tight,Diazoxide,GDLBFKVLRPITMI-UHFFFAOYSA-N,CC1=NS(=O)(=O)c2cc(Cl)ccc2N1,4,2,AqSolDB|OCHEM,True,0.46341464,GDLBFKVLRPITMI-UHFFFAOYSA-N,True,False
mol-033ii,sc2019_tight,tight,Diclofenac,DCOPUUMXTXDBNB-UHFFFAOYSA-N,O=C(O)Cc1ccccc1Nc1c(Cl)cccc1Cl,10,2,AqSolDB|OCHEM,True,0.75,DCOPUUMXTXDBNB-UHFFFAOYSA-M,False,False
mol-034ii,sc2019_tight,tight,Diflorasone_Diacetate,BOBLHFUVNSFZPJ-JOYXJVLSSA-N,CC(=O)OCC(=O)[C@@]1(OC(C)=O)[C@@H](C)C[C@H]2[C@@H]3C[C@H](F)C4=CC(=O)C=C[C@]4(C)[C@@]3(F)[C@@H](O)C[C@@]21C,0,0,,False,0.6052632,CIWBQSYVNNPZIQ-JCOVECCMSA-N,False,False
mol-035ii,sc2019_tight,tight,Difloxacin,NOCJXYPHIIZEHN-UHFFFAOYSA-N,CN1CCN(c2cc3c(cc2F)c(=O)c(C(=O)O)cn3-c2ccc(F)cc2)CC1,4,2,AqSolDB|OCHEM,True,0.7777778,XBHBWNFJWIASRO-UHFFFAOYSA-N,False,False
mol-036ii,sc2019_tight,tight,Diltiazem,HSUGRBWQSSZJOP-RTWAWAEBSA-N,COc1ccc([C@@H]2Sc3ccccc3N(CCN(C)C)C(=O)[C@@H]2OC(C)=O)cc1,6,2,AqSolDB|OCHEM,True,0.73770493,HSUGRBWQSSZJOP-UHFFFAOYSA-N,False,False
mol-037ii,sc2019_tight,tight,Diphenylamine,DMBHHRLKUKUOEG-UHFFFAOYSA-N,c1ccc(Nc2ccccc2)cc1,18,5,AQUA|AqSolDB|Delaney|OCHEM|PHYSPROP,True,0.9230769,UTGQNNCQYDRXCH-UHFFFAOYSA-N,False,False
mol-038ii,sc2019_tight,tight,"DOPA,L-",WTDRDQBEARUVNC-LURJTMIESA-N,N[C@@H](Cc1ccc(O)c(O)c1)C(=O)O,3,1,OCHEM,True,0.5833333,QZIWDCLHLOADPK-UHFFFAOYSA-N,False,False
mol-039ii,sc2019_tight,tight,Enalapril,GBXSMTUPTTWBMN-XIRDDKMYSA-N,CCOC(=O)[C@H](CCc1ccccc1)N[C@@H](C)C(=O)N1CCC[C@H]1C(=O)O,2,2,AqSolDB|OCHEM,True,0.65,GBXSMTUPTTWBMN-UHFFFAOYSA-N,False,False
mol-040ii,sc2019_tight,tight,"Estradiol,17?-",VOXZDWNPVJITMN-SFFUCWETSA-N,C[C@]12CC[C@@H]3c4ccc(O)cc4CC[C@H]3[C@@H]1CC[C@H]2O,4,2,AqSolDB|OCHEM,True,1.0,VOXZDWNPVJITMN-SFFUCWETSA-N,True,True
mol-041ii,sc2019_tight,tight,Estrone,DNXHEGUUPJUMQT-CBZIJGRNSA-N,C[C@]12CC[C@@H]3c4ccc(O)cc4CC[C@H]3[C@@H]1CCC2=O,4,2,AqSolDB|OCHEM,True,0.7826087,DNXHEGUUPJUMQT-OVWQWFNUSA-N,False,False
mol-042ii,sc2019_tight,tight,Ethoxzolamide,OUZWUKMCLIBBOG-UHFFFAOYSA-N,CCOc1ccc2nc(S(N)(=O)=O)sc2c1,14,5,AQUA|AqSolDB|Delaney|OCHEM|PHYSPROP,True,1.0,OUZWUKMCLIBBOG-UHFFFAOYSA-N,True,True
mol-043ii,sc2019_tight,tight,Etoposide,VJJPUSNTGOMMGY-MRAJQDPKSA-N,COc1cc([C@@H]2c3cc4c(cc3[C@@H](O[C@@H]3O[C@@H]5CO[C@@H](C)O[C@H]5[C@H](O)[C@H]3O)C3COC(=O)[C@@H]32)OCO4)cc(OC)c1O,0,0,,False,0.7236842,VJJPUSNTGOMMGY-WNRCYQIFSA-N,False,False
mol-044ii,sc2019_tight,tight,Eucalyptol,WEEGYLXZBRQIMU-UHFFFAOYSA-N,CC12CCC(CC1)C(C)(C)O2,21,5,AQUA|AqSolDB|Delaney|OCHEM|PHYSPROP,True,1.0,WEEGYLXZBRQIMU-WAAGHKOSSA-N,False,True
mol-045ii,sc2019_tight,tight,Fenbufen,ZPAKPRAICRBAOD-UHFFFAOYSA-N,O=C(O)CCC(=O)c1ccc(-c2ccccc2)cc1,14,4,AQUA|AqSolDB|OCHEM|PHYSPROP,True,0.5,QRZAKQDHEVVFRX-UHFFFAOYSA-N,False,False
mol-046ii,sc2019_tight,tight,Flumequine,DPSPPJIUMHPXMA-UHFFFAOYSA-N,CC1CCc2cc(F)cc3c(=O)c(C(=O)O)cn1c23,3,2,AqSolDB|OCHEM,True,1.0,DPSPPJIUMHPXMA-UHFFFAOYSA-N,True,True
mol-047ii,sc2019_tight,tight,Flurbiprofen,SYTBZMRGLBWNTM-UHFFFAOYSA-N,CC(C(=O)O)c1ccc(-c2ccccc2)c(F)c1,14,4,AQUA|AqSolDB|OCHEM|PHYSPROP,True,0.7941176,SYTBZMRGLBWNTM-JTQLQIEISA-N,False,False
mol-048ii,sc2019_tight,tight,Folic_Acid,OVBPIULPVIDEAO-LBPRGKRZSA-N,Nc1nc(=O)c2nc(CNc3ccc(C(=O)N[C@@H](CCC(=O)O)C(=O)O)cc3)cnc2[nH]1,2,1,OCHEM,True,0.6617647,OVBPIULPVIDEAO-LBPRGKRZSA-N,True,False
mol-049ii,sc2019_tight,tight,Ganciclovir,IRSCQMHQWWYFCW-UHFFFAOYSA-N,Nc1nc(=O)c2ncn(COC(CO)CO)c2[nH]1,3,2,AqSolDB|OCHEM,True,0.37704918,DMHAXLGAKQREIL-UHFFFAOYSA-N,False,False
mol-050ii,sc2019_tight,tight,Glipizide,ZJJXGWJIGJFDTL-UHFFFAOYSA-N,Cc1cnc(C(=O)NCCc2ccc(S(=O)(=O)NC(=O)NC3CCCCC3)cc2)cn1,2,2,AqSolDB|OCHEM,True,1.0,ZJJXGWJIGJFDTL-UHFFFAOYSA-N,True,True
mol-051ii,sc2019_tight,tight,Griseofulvin,DDUHZTYCFQRHIY-RBHXEPJQSA-N,COC1=CC(=O)C[C@@H](C)[C@]12Oc1c(Cl)c(OC)cc(OC)c1C2=O,6,1,OCHEM,True,0.8333333,DDUHZTYCFQRHIY-QPFGOUBPSA-N,False,False
mol-052ii,sc2019_tight,tight,Haloperidol,LNEPOXFFQSENCJ-UHFFFAOYSA-N,O=C(CCCN1CCC(O)(c2ccc(Cl)cc2)CC1)c1ccc(F)cc1,17,4,AQUA|AqSolDB|OCHEM|PHYSPROP,True,0.7916667,RKLNONIVDFXQRX-UHFFFAOYSA-N,False,False
mol-053ii,sc2019_tight,tight,Ibrutinib,XYFPWWZEPKGCCK-GOSISDBHSA-N,C=CC(=O)N1CCC[C@@H](n2nc(-c3ccc(Oc4ccccc4)cc3)c3c(N)ncnc32)C1,0,0,,False,0.24242425,NWJVKSITTJQWCG-UHFFFAOYSA-N,False,False
mol-054ii,sc2019_tight,tight,Indinavir,CBVCZFGXHXORBI-PXQQMZJSSA-N,CC(C)(C)NC(=O)[C@@H]1CN(Cc2cccnc2)CCN1C[C@@H](O)C[C@@H](Cc1ccccc1)C(=O)N[C@H]1c2ccccc2C[C@H]1O,1,1,OCHEM,True,1.0,CBVCZFGXHXORBI-PXQQMZJSSA-N,True,True
mol-055ii,sc2019_tight,tight,Indomethacin,CGIGDMFJXJATDK-UHFFFAOYSA-N,COc1ccc2c(c1)c(CC(=O)O)c(C)n2C(=O)c1ccc(Cl)cc1,17,3,AQUA|AqSolDB|OCHEM,True,0.6363636,GLMNKNQJRYEKDW-UHFFFAOYSA-N,False,False
mol-056ii,sc2019_tight,tight,Indoprofen,RJMIEHBSYVWVIN-UHFFFAOYSA-N,CC(C(=O)O)c1ccc(N2Cc3ccccc3C2=O)cc1,3,2,AqSolDB|OCHEM,True,1.0,RJMIEHBSYVWVIN-UHFFFAOYSA-N,True,True
mol-057ii,sc2019_tight,tight,Ketoconazole,XMAYWYJOQHXEEK-OZXSUGGESA-N,CC(=O)N1CCN(c2ccc(OC[C@H]3CO[C@](Cn4ccnc4)(c4ccc(Cl)cc4Cl)O3)cc2)CC1,1,1,OCHEM,True,1.0,XMAYWYJOQHXEEK-OZXSUGGESA-N,True,True
mol-058ii,sc2019_tight,tight,Maprotiline,QSLMDECMDJKHMQ-UHFFFAOYSA-N,CNCCCC12CCC(c3ccccc31)c1ccccc12,3,2,AqSolDB|OCHEM,True,1.0,QSLMDECMDJKHMQ-UHFFFAOYSA-N,True,True
mol-059ii,sc2019_tight,tight,Metolazone,AQCHWTWZEMGIFD-UHFFFAOYSA-N,Cc1ccccc1N1C(=O)c2cc(S(N)(=O)=O)c(Cl)cc2NC1C,15,5,AQUA|AqSolDB|Delaney|OCHEM|PHYSPROP,True,0.84,AQCHWTWZEMGIFD-JTQLQIEISA-N,False,False
mol-060ii,sc2019_tight,tight,Nabumetone,BLXXJMDCKKHMKV-UHFFFAOYSA-N,COc1ccc2cc(CCC(C)=O)ccc2c1,2,2,AqSolDB|OCHEM,True,1.0,BLXXJMDCKKHMKV-UHFFFAOYSA-N,True,True
mol-061ii,sc2019_tight,tight,Naproxen,CMWTZPSULFXXJA-UHFFFAOYSA-N,COc1ccc2cc(C(C)C(=O)O)ccc2c1,10,4,AQUA|AqSolDB|OCHEM|PHYSPROP,True,1.0,CMWTZPSULFXXJA-UHFFFAOYSA-N,True,True
mol-062ii,sc2019_tight,tight,Nelfinavir,QAGYKUNXZHXKMR-HKWSIXNMSA-N,Cc1c(O)cccc1C(=O)N[C@@H](CSc1ccccc1)[C@H](O)CN1C[C@H]2CCCC[C@H]2C[C@H]1C(=O)NC(C)(C)C,0,0,,False,0.3272727,QWAXKHKRTORLEM-UHFFFAOYSA-N,False,False
mol-063ii,sc2019_tight,tight,Nevirapine,NQDJXKOVJZTUJA-UHFFFAOYSA-N,Cc1ccnc2c1NC(=O)c1cccnc1N2C1CC1,9,3,AqSolDB|Delaney|OCHEM,True,1.0,NQDJXKOVJZTUJA-UHFFFAOYSA-N,True,True
mol-064ii,sc2019_tight,tight,Nifedipine,HYIMSNHJOBLJNT-UHFFFAOYSA-N,COC(=O)C1=C(C)NC(C)=C(C(=O)OC)C1c1ccccc1[N+](=O)[O-],10,3,AqSolDB|Delaney|OCHEM,True,1.0,HYIMSNHJOBLJNT-UHFFFAOYSA-N,True,True
mol-065ii,sc2019_tight,tight,Nimesulide,HYWYRSMBCFDLJT-UHFFFAOYSA-N,CS(=O)(=O)Nc1ccc([N+](=O)[O-])cc1Oc1ccccc1,4,2,AqSolDB|OCHEM,True,0.39583334,SWSJPCDGJYPPCS-UHFFFAOYSA-N,False,False
mol-066ii,sc2019_tight,tight,Norfloxacin,OGJPXUAPXNRGGI-UHFFFAOYSA-N,CCn1cc(C(=O)O)c(=O)c2cc(F)c(N3CCNCC3)cc21,7,2,AqSolDB|OCHEM,True,0.84313726,RWPDHVHKJSTTLQ-UHFFFAOYSA-N,False,False
mol-067ii,sc2019_tight,tight,Nortriptyline,PHVGLTMQBUFIQQ-UHFFFAOYSA-N,CNCCC=C1c2ccccc2CCc2ccccc21,2,2,AqSolDB|OCHEM,True,1.0,PHVGLTMQBUFIQQ-UHFFFAOYSA-N,True,True
mol-068ii,sc2019_tight,tight,Noscapine,AKNNEGZIBPJZJG-MSOLQXFVSA-N,COc1ccc2c(c1OC)C(=O)O[C@@H]2[C@H]1c2c(cc3c(c2OC)OCO3)CCN1C,4,2,AqSolDB|OCHEM,True,0.7704918,JZUTXVTYJDCMDU-MOPGFXCFSA-N,False,False
mol-069ii,sc2019_tight,tight,Ofloxacin,GSDSWSVVBLHKDQ-UHFFFAOYSA-N,CC1COc2c(N3CCN(C)CC3)c(F)cc3c(=O)c(C(=O)O)cn1c23,3,2,AqSolDB|OCHEM,True,1.0,GSDSWSVVBLHKDQ-UHFFFAOYSA-N,True,True
mol-070ii,sc2019_tight,tight,Oxazepam,ADIMAYPTOBDMTL-UHFFFAOYSA-N,O=C1Nc2ccc(Cl)cc2C(c2ccccc2)=NC1O,8,3,AqSolDB|Delaney|OCHEM,True,1.0,ADIMAYPTOBDMTL-UHFFFAOYSA-N,True,True
mol-071ii,sc2019_tight,tight,Oxyphenbutazone,HFHZKZSRXITVMK-UHFFFAOYSA-N,CCCCC1C(=O)N(c2ccccc2)N(c2ccc(O)cc2)C1=O,13,5,AQUA|AqSolDB|Delaney|OCHEM|PHYSPROP,True,1.0,HFHZKZSRXITVMK-QGZVFWFLSA-N,False,True
mol-072ii,sc2019_tight,tight,Papaverine,XQYZDYMELSJDRZ-UHFFFAOYSA-N,COc1ccc(Cc2nccc3cc(OC)c(OC)cc23)cc1OC,6,2,AqSolDB|OCHEM,True,0.38636363,LECKQPWCSYMCDR-UHFFFAOYSA-N,False,False
mol-073ii,sc2019_tight,tight,Perphenazine,RGCVKNLCSQQDEP-UHFFFAOYSA-N,OCCN1CCN(CCCN2c3ccccc3Sc3ccc(Cl)cc32)CC1,14,4,AQUA|AqSolDB|OCHEM|PHYSPROP,True,0.7058824,PLDUPXSUYLZYBN-UHFFFAOYSA-N,False,False
mol-074ii,sc2019_tight,tight,Phenacetin,CPJSUEIXXCENMM-UHFFFAOYSA-N,CCOc1ccc(NC(C)=O)cc1,20,5,AQUA|AqSolDB|Delaney|OCHEM|PHYSPROP,True,0.7586207,PQWHYODXTBJHQG-UHFFFAOYSA-N,False,False
mol-075ii,sc2019_tight,tight,Phenazopyridine,QPFYXYFORQJZEC-UHFFFAOYSA-N,Nc1ccc(N=Nc2ccccc2)c(N)n1,3,2,AqSolDB|OCHEM,True,1.0,QPFYXYFORQJZEC-UHFFFAOYSA-N,True,True
mol-076ii,sc2019_tight,tight,Pindolol,JZQKKSLKJUAGIC-UHFFFAOYSA-N,CC(C)NCC(O)COc1cccc2[nH]ccc12,5,2,AqSolDB|OCHEM,True,1.0,JZQKKSLKJUAGIC-UHFFFAOYSA-N,True,True
mol-077ii,sc2019_tight,tight,Pravastatin,TUZYXOIXSAXUGO-UHFFFAOYSA-N,CCC(C)C(=O)OC1CC(O)C=C2C=CC(C)C(CCC(O)CC(O)CC(=O)O)C21,0,0,,False,0.63380283,OQARDMYXSOFTLN-UHFFFAOYSA-N,False,False
mol-078ii,sc2019_tight,tight,"Prednisolone,Methyl-",VHRSUDSXCMQTMA-UHFFFAOYSA-N,CC1CC2C(C(O)CC3(C)C2CCC3(O)C(=O)CO)C2(C)C=CC(=O)C=C12,10,4,AQUA|AqSolDB|OCHEM|PHYSPROP,True,0.73134327,IMBXEJJVJRTNOW-UHFFFAOYSA-N,False,False
mol-079ii,sc2019_tight,tight,Primidone,DQMZLTXERSFNPB-UHFFFAOYSA-N,CCC1(c2ccccc2)C(=O)NCNC1=O,17,5,AQUA|AqSolDB|Delaney|OCHEM|PHYSPROP,True,0.6363636,GHHFRPRCYQNNDL-UHFFFAOYSA-N,False,False
mol-080ii,sc2019_tight,tight,Probenecid,DBABZHXKTCFAPX-UHFFFAOYSA-N,CCCN(CCC)S(=O)(=O)c1ccc(C(=O)O)cc1,6,2,AqSolDB|OCHEM,True,0.4722222,IOOIOUOLXVONAC-UHFFFAOYSA-N,False,False
mol-081ii,sc2019_tight,tight,Promazine,ZGUGWUXLJSTTMA-UHFFFAOYSA-N,CN(C)CCCN1c2ccccc2Sc2ccccc21,14,4,AQUA|AqSolDB|OCHEM|PHYSPROP,True,0.70731705,XSCGXQMFQXDFCW-UHFFFAOYSA-N,False,False
mol-082ii,sc2019_tight,tight,Promethazine,PWWVAXIEGOYWEE-UHFFFAOYSA-N,CC(CN1c2ccccc2Sc2ccccc21)N(C)C,12,4,AQUA|AqSolDB|OCHEM|PHYSPROP,True,0.75757575,PWWVAXIEGOYWEE-CYBMUJFWSA-N,False,False
mol-083ii,sc2019_tight,tight,Repaglinide,FAEKWTJYAYMJKF-QHCPKHFHSA-N,CCOc1cc(CC(=O)N[C@@H](CC(C)C)c2ccccc2N2CCCCC2)ccc1C(=O)O,0,0,,False,0.30769232,YPFYOAJCSYWUGO-UHFFFAOYSA-N,False,False
mol-084ii,sc2019_tight,tight,"Resveratrol,trans-",LUKBXSAWLPMMSZ-OWOJBTEDSA-N,Oc1ccc(/C=C/c2cc(O)cc(O)c2)cc1,0,0,,False,0.39130434,VSMDINRNYYEDRN-UHFFFAOYSA-N,False,False
mol-085ii,sc2019_tight,tight,Ritonavir,NCDNCNXCDXHOMX-XGKFQTDJSA-N,CC(C)c1nc(CN(C)C(=O)N[C@H](C(=O)N[C@@H](Cc2ccccc2)C[C@H](O)[C@H](Cc2ccccc2)NC(=O)OCc2cncs2)C(C)C)cs1,0,0,,False,0.74712646,NCDNCNXCDXHOMX-UHFFFAOYSA-N,False,False
mol-086ii,sc2019_tight,tight,Rofecoxib,RZJQGNCSTQAWON-UHFFFAOYSA-N,CS(=O)(=O)c1ccc(C2=C(c3ccccc3)C(=O)OC2)cc1,3,2,AqSolDB|OCHEM,True,0.3137255,LNPDTQAFDNKSHK-UHFFFAOYSA-N,False,False
mol-087ii,sc2019_tight,tight,Spironolactone,LXMSZDCAJNLERA-ZHYRCANASA-N,CC(=O)S[C@@H]1CC2=CC(=O)CC[C@]2(C)[C@H]2CC[C@@]3(C)[C@@H](CC[C@@]34CCC(=O)O4)[C@H]12,2,2,AqSolDB|OCHEM,True,1.0,LXMSZDCAJNLERA-ZHYRCANASA-N,True,True
mol-088ii,sc2019_tight,tight,Strychnine,QMGVPVSNSZLJIA-FVWCLLPLSA-N,O=C1C[C@@H]2OCC=C3CN4CC[C@]56c7ccccc7N1[C@H]5[C@H]2[C@H]3C[C@H]46,3,2,AqSolDB|OCHEM,True,1.0,QMGVPVSNSZLJIA-FVWCLLPLSA-N,True,True
mol-089ii,sc2019_tight,tight,Sulfasalazine,OQANPHBRHBJGNZ-BKUYFWCQSA-N,O=C(O)C1=C/C(=N\Nc2ccc(S(=O)(=O)Nc3ccccn3)cc2)C=CC1=O,0,0,,False,0.50877196,OTZWCFSZXHUUJD-UHFFFAOYSA-N,False,False
mol-090ii,sc2019_tight,tight,Sulfathiazole,JNMRHUJNCSQMMB-UHFFFAOYSA-N,Nc1ccc(S(=O)(=O)Nc2nccs2)cc1,16,4,AQUA|AqSolDB|OCHEM|PHYSPROP,True,0.7222222,ADAVEPMWMDQNHR-UHFFFAOYSA-N,False,False
mol-091ii,sc2019_tight,tight,Sulfisomidine,YZMCKZRAOLZXAZ-UHFFFAOYSA-N,Cc1cc(NS(=O)(=O)c2ccc(N)cc2)nc(C)n1,11,4,AQUA|AqSolDB|OCHEM|PHYSPROP,True,1.0,YZMCKZRAOLZXAZ-UHFFFAOYSA-N,True,True
mol-092ii,sc2019_tight,tight,Sulfisoxazole,NHUHCSRWZMLRLA-UHFFFAOYSA-N,Cc1noc(NS(=O)(=O)c2ccc(N)cc2)c1C,10,3,AQUA|AqSolDB|OCHEM,True,0.6097561,DAUFGBIKKGOPJA-UHFFFAOYSA-N,False,False
mol-093ii,sc2019_tight,tight,Sulindac,MLKXDPUZXIRXEP-MFOYZWKCSA-N,CC1=C(CC(=O)O)c2cc(F)ccc2/C1=C\c1ccc([S+](C)[O-])cc1,2,2,AqSolDB|OCHEM,True,1.0,MLKXDPUZXIRXEP-MFOYZWKCSA-N,True,True
mol-094ii,sc2019_tight,tight,Tetracaine,GKCBAIGFKIBETG-UHFFFAOYSA-N,CCCCNc1ccc(C(=O)OCCN(C)C)cc1,2,2,AqSolDB|OCHEM,True,1.0,GKCBAIGFKIBETG-UHFFFAOYSA-N,True,True
mol-095ii,sc2019_tight,tight,Tetracycline,JYHCQVWYCGHXGP-BPPSBWQWSA-N,CN(C)[C@@H]1C(=O)/C(=C(\N)O)C(=O)[C@@]2(O)C(=O)C3=C(O)c4c(O)cccc4[C@@](C)(O)[C@H]3C[C@@H]12,1,1,AqSolDB,True,1.0,JYHCQVWYCGHXGP-BPPSBWQWSA-N,True,True
mol-096ii,sc2019_tight,tight,Thiacetazone,SRVJKTDHMYAMHA-WUXMJOGZSA-N,CC(=O)Nc1ccc(/C=N/NC(N)=S)cc1,5,2,AqSolDB|OCHEM,True,0.5135135,SKLUWKYNZNXSLX-UHFFFAOYSA-N,False,False
mol-097ii,sc2019_tight,tight,Triamcinolone,GFNANZIMVAIWHM-OBYCQNJPSA-N,C[C@]12C=CC(=O)C=C1CC[C@H]1[C@@H]3C[C@@H](O)[C@](O)(C(=O)CO)[C@@]3(C)C[C@H](O)[C@@]12F,2,2,AqSolDB|OCHEM,True,1.0,GFNANZIMVAIWHM-OBYCQNJPSA-N,True,True
mol-098ii,sc2019_tight,tight,Triamterene,FNYLWPVRPXGIIP-UHFFFAOYSA-N,Nc1nc(N)c2nc(-c3ccccc3)c(N)nc2n1,8,3,AqSolDB|Delaney|OCHEM,True,0.2857143,TWBPWBPGNQWFSJ-UHFFFAOYSA-N,False,False
mol-099ii,sc2019_tight,tight,Warfarin,QTXVAVXCBMYBJW-UHFFFAOYSA-N,CC(=O)CC(c1ccccc1)c1c(O)oc2ccccc2c1=O,1,1,AqSolDB,True,1.0,QTXVAVXCBMYBJW-UHFFFAOYSA-N,True,True
mol-100ii,sc2019_tight,tight,Xanthine,LRFVTYWOQMYALW-UHFFFAOYSA-N,O=c1[nH]c(=O)c2[nH]cnc2[nH]1,5,2,AqSolDB|OCHEM,True,0.3888889,QAMLXSWNZSGVKP-UHFFFAOYSA-N,False,False
