run_id,model,feature_type,split_strategy,repeat,seed,n_train,n_validation,n_final_fit,n_test,features_before_preprocessing,features_after_preprocessing,best_parameters,validation_rmse,validation_mae,validation_r2,validation_spearman,test_rmse,test_mae,test_r2,test_spearman,test_mean_predicted_std,test_gaussian_nll,test_interval_95_coverage,tuning_seconds,final_fit_seconds,test_predict_seconds
low_similarity_r1_molecular_graph_chemprop,chemprop,molecular_graph,low_similarity,1,13,7175,897,7175,897,,300,"{""architecture"": ""D-MPNN"", ""batch_size"": 64, ""depth"": 3, ""dropout"": 0.0, ""early_stopping_patience"": 5, ""ensemble_size"": 1, ""ffn_hidden_dim"": 300, ""ffn_num_layers"": 1, ""maximum_epochs"": 30, ""message_hidden_dim"": 300}",1.0833353219098576,0.7498142217878484,0.7815653544296896,0.8803720583258084,1.429928706582692,0.9948918043750835,0.6349505066313044,0.7937030691678039,,,,134.2858253326267,134.2858253326267,5.605368667282164
low_similarity_r2_molecular_graph_chemprop,chemprop,molecular_graph,low_similarity,2,37,7175,897,7175,897,,300,"{""architecture"": ""D-MPNN"", ""batch_size"": 64, ""depth"": 3, ""dropout"": 0.0, ""early_stopping_patience"": 5, ""ensemble_size"": 1, ""ffn_hidden_dim"": 300, ""ffn_num_layers"": 1, ""maximum_epochs"": 30, ""message_hidden_dim"": 300}",1.1715835196958333,0.7892963214618728,0.7435837653127368,0.845503209599825,1.4691338096298525,1.0342691513444928,0.6264393791559,0.7965104121072607,,,,156.98454566625878,156.98454566625878,5.989632167387754
low_similarity_r3_molecular_graph_chemprop,chemprop,molecular_graph,low_similarity,3,73,7175,897,7175,897,,300,"{""architecture"": ""D-MPNN"", ""batch_size"": 64, ""depth"": 3, ""dropout"": 0.0, ""early_stopping_patience"": 5, ""ensemble_size"": 1, ""ffn_hidden_dim"": 300, ""ffn_num_layers"": 1, ""maximum_epochs"": 30, ""message_hidden_dim"": 300}",1.0929221078718896,0.7766274495443702,0.7820899927906979,0.8748192661893146,1.4313779463307186,1.013639786315775,0.6377573041044606,0.8147790287096118,,,,168.35038187494501,168.35038187494501,6.036938500124961
low_similarity_r4_molecular_graph_chemprop,chemprop,molecular_graph,low_similarity,4,101,7175,897,7175,897,,300,"{""architecture"": ""D-MPNN"", ""batch_size"": 64, ""depth"": 3, ""dropout"": 0.0, ""early_stopping_patience"": 5, ""ensemble_size"": 1, ""ffn_hidden_dim"": 300, ""ffn_num_layers"": 1, ""maximum_epochs"": 30, ""message_hidden_dim"": 300}",1.0955301501252532,0.7496898985861762,0.7620158323968925,0.8581816323566952,1.4504992282522615,1.0156685345699554,0.6248198344619067,0.7758435870737116,,,,145.9510367498733,145.9510367498733,5.391394833102822
low_similarity_r5_molecular_graph_chemprop,chemprop,molecular_graph,low_similarity,5,137,7175,897,7175,897,,300,"{""architecture"": ""D-MPNN"", ""batch_size"": 64, ""depth"": 3, ""dropout"": 0.0, ""early_stopping_patience"": 5, ""ensemble_size"": 1, ""ffn_hidden_dim"": 300, ""ffn_num_layers"": 1, ""maximum_epochs"": 30, ""message_hidden_dim"": 300}",1.1816267084330987,0.8228676131591416,0.7486892796068628,0.8558240585096849,1.4039548819931527,0.9851127228142699,0.6487605864869908,0.8038370410810588,,,,104.41323450021446,104.41323450021446,5.322823875118047
random_r1_molecular_graph_chemprop,chemprop,molecular_graph,random,1,13,7175,897,7175,897,,300,"{""architecture"": ""D-MPNN"", ""batch_size"": 64, ""depth"": 3, ""dropout"": 0.0, ""early_stopping_patience"": 5, ""ensemble_size"": 1, ""ffn_hidden_dim"": 300, ""ffn_num_layers"": 1, ""maximum_epochs"": 30, ""message_hidden_dim"": 300}",1.1397525916780777,0.8067461147948607,0.7730476399786362,0.8773800321562184,1.2625997644754048,0.8690476524801004,0.7221654426652608,0.8503165908711582,,,,128.7249590838328,128.7249590838328,5.468217249959707
random_r2_molecular_graph_chemprop,chemprop,molecular_graph,random,2,37,7175,897,7175,897,,300,"{""architecture"": ""D-MPNN"", ""batch_size"": 64, ""depth"": 3, ""dropout"": 0.0, ""early_stopping_patience"": 5, ""ensemble_size"": 1, ""ffn_hidden_dim"": 300, ""ffn_num_layers"": 1, ""maximum_epochs"": 30, ""message_hidden_dim"": 300}",1.2238109885217505,0.8063402118593088,0.7547466724838306,0.8720607687886354,1.2167681204917462,0.8364496698324971,0.7358029296103319,0.8596116306906262,,,,183.0146779580973,183.0146779580973,5.515241915825754
random_r3_molecular_graph_chemprop,chemprop,molecular_graph,random,3,73,7175,897,7175,897,,300,"{""architecture"": ""D-MPNN"", ""batch_size"": 64, ""depth"": 3, ""dropout"": 0.0, ""early_stopping_patience"": 5, ""ensemble_size"": 1, ""ffn_hidden_dim"": 300, ""ffn_num_layers"": 1, ""maximum_epochs"": 30, ""message_hidden_dim"": 300}",1.2102924454072248,0.8256591162101783,0.7542711301144277,0.8753245840539507,1.0737519943932154,0.7812077000269789,0.7960844037721115,0.889357323194733,,,,149.46666524978355,149.46666524978355,5.448425583075732
random_r4_molecular_graph_chemprop,chemprop,molecular_graph,random,4,101,7175,897,7175,897,,300,"{""architecture"": ""D-MPNN"", ""batch_size"": 64, ""depth"": 3, ""dropout"": 0.0, ""early_stopping_patience"": 5, ""ensemble_size"": 1, ""ffn_hidden_dim"": 300, ""ffn_num_layers"": 1, ""maximum_epochs"": 30, ""message_hidden_dim"": 300}",1.1547619256976684,0.7762907991958194,0.7597900992574905,0.8745164322551261,1.2371184810145959,0.8352414657266778,0.7310648437725777,0.8426014448298923,,,,177.7513989158906,177.7513989158906,5.457704917062074
random_r5_molecular_graph_chemprop,chemprop,molecular_graph,random,5,137,7175,897,7175,897,,300,"{""architecture"": ""D-MPNN"", ""batch_size"": 64, ""depth"": 3, ""dropout"": 0.0, ""early_stopping_patience"": 5, ""ensemble_size"": 1, ""ffn_hidden_dim"": 300, ""ffn_num_layers"": 1, ""maximum_epochs"": 30, ""message_hidden_dim"": 300}",1.1683967387786949,0.8000341895898551,0.7658196795269281,0.8742532706359074,1.1583218875472348,0.7994466194639911,0.7611133518014437,0.8749016486325221,,,,178.19929179083556,178.19929179083556,5.844839124940336
scaffold_r1_molecular_graph_chemprop,chemprop,molecular_graph,scaffold,1,13,7175,897,7175,897,,300,"{""architecture"": ""D-MPNN"", ""batch_size"": 64, ""depth"": 3, ""dropout"": 0.0, ""early_stopping_patience"": 5, ""ensemble_size"": 1, ""ffn_hidden_dim"": 300, ""ffn_num_layers"": 1, ""maximum_epochs"": 30, ""message_hidden_dim"": 300}",1.2258523821928715,0.87267202750262,0.7325800071253152,0.8689014634651178,1.214606566542198,0.8609665195779822,0.8205564711149829,0.891018199902521,,,,142.46880587516353,142.46880587516353,5.462783541996032
scaffold_r2_molecular_graph_chemprop,chemprop,molecular_graph,scaffold,2,37,7175,897,7175,897,,300,"{""architecture"": ""D-MPNN"", ""batch_size"": 64, ""depth"": 3, ""dropout"": 0.0, ""early_stopping_patience"": 5, ""ensemble_size"": 1, ""ffn_hidden_dim"": 300, ""ffn_num_layers"": 1, ""maximum_epochs"": 30, ""message_hidden_dim"": 300}",1.3055295148880188,0.9492833900135899,0.7081466862847978,0.8344520484898639,1.285663637009011,0.8828309444320702,0.7925553453511057,0.8799276976564179,,,,128.122068666853,128.122068666853,6.3179024159908295
scaffold_r3_molecular_graph_chemprop,chemprop,molecular_graph,scaffold,3,73,7175,897,7175,897,,300,"{""architecture"": ""D-MPNN"", ""batch_size"": 64, ""depth"": 3, ""dropout"": 0.0, ""early_stopping_patience"": 5, ""ensemble_size"": 1, ""ffn_hidden_dim"": 300, ""ffn_num_layers"": 1, ""maximum_epochs"": 30, ""message_hidden_dim"": 300}",1.2657853827980683,0.8823351637390748,0.7365292545632609,0.8660983455218806,1.2386954675680255,0.8389294751925863,0.8113433694189479,0.8798118399640967,,,,174.27551054116338,174.27551054116338,5.606526833958924
scaffold_r4_molecular_graph_chemprop,chemprop,molecular_graph,scaffold,4,101,7175,897,7175,897,,300,"{""architecture"": ""D-MPNN"", ""batch_size"": 64, ""depth"": 3, ""dropout"": 0.0, ""early_stopping_patience"": 5, ""ensemble_size"": 1, ""ffn_hidden_dim"": 300, ""ffn_num_layers"": 1, ""maximum_epochs"": 30, ""message_hidden_dim"": 300}",1.221258079657652,0.8511820940178372,0.7307355646052737,0.8606024610349957,1.21219200024022,0.8214624079576365,0.8146454473841735,0.8916340579418461,,,,150.90270095830783,150.90270095830783,5.442120790947229
scaffold_r5_molecular_graph_chemprop,chemprop,molecular_graph,scaffold,5,137,7175,897,7175,897,,300,"{""architecture"": ""D-MPNN"", ""batch_size"": 64, ""depth"": 3, ""dropout"": 0.0, ""early_stopping_patience"": 5, ""ensemble_size"": 1, ""ffn_hidden_dim"": 300, ""ffn_num_layers"": 1, ""maximum_epochs"": 30, ""message_hidden_dim"": 300}",1.2351049206789204,0.8755772234382385,0.73546216908094,0.8675601417262135,1.2971007317831995,0.8974980802490524,0.7977150710019714,0.8856619940368746,,,,111.9015727089718,111.9015727089718,6.0222123330459
