run_id,candidate,parameters,validation_rmse,validation_mae,validation_r2,validation_spearman,fit_and_predict_seconds
low_similarity_r1_molecular_graph_chemprop,1,"{""architecture"": ""D-MPNN"", ""batch_size"": 64, ""depth"": 3, ""dropout"": 0.0, ""early_stopping_patience"": 5, ""ensemble_size"": 1, ""ffn_hidden_dim"": 300, ""ffn_num_layers"": 1, ""maximum_epochs"": 30, ""message_hidden_dim"": 300}",1.0833353219098576,0.7498142217878484,0.7815653544296896,0.8803720583258084,140.32727924967185
low_similarity_r2_molecular_graph_chemprop,1,"{""architecture"": ""D-MPNN"", ""batch_size"": 64, ""depth"": 3, ""dropout"": 0.0, ""early_stopping_patience"": 5, ""ensemble_size"": 1, ""ffn_hidden_dim"": 300, ""ffn_num_layers"": 1, ""maximum_epochs"": 30, ""message_hidden_dim"": 300}",1.1715835196958333,0.7892963214618728,0.7435837653127368,0.845503209599825,163.15456183301285
low_similarity_r3_molecular_graph_chemprop,1,"{""architecture"": ""D-MPNN"", ""batch_size"": 64, ""depth"": 3, ""dropout"": 0.0, ""early_stopping_patience"": 5, ""ensemble_size"": 1, ""ffn_hidden_dim"": 300, ""ffn_num_layers"": 1, ""maximum_epochs"": 30, ""message_hidden_dim"": 300}",1.0929221078718896,0.7766274495443702,0.7820899927906979,0.8748192661893146,174.54286370892078
low_similarity_r4_molecular_graph_chemprop,1,"{""architecture"": ""D-MPNN"", ""batch_size"": 64, ""depth"": 3, ""dropout"": 0.0, ""early_stopping_patience"": 5, ""ensemble_size"": 1, ""ffn_hidden_dim"": 300, ""ffn_num_layers"": 1, ""maximum_epochs"": 30, ""message_hidden_dim"": 300}",1.0955301501252532,0.7496898985861762,0.7620158323968925,0.8581816323566952,152.0964881661348
low_similarity_r5_molecular_graph_chemprop,1,"{""architecture"": ""D-MPNN"", ""batch_size"": 64, ""depth"": 3, ""dropout"": 0.0, ""early_stopping_patience"": 5, ""ensemble_size"": 1, ""ffn_hidden_dim"": 300, ""ffn_num_layers"": 1, ""maximum_epochs"": 30, ""message_hidden_dim"": 300}",1.1816267084330987,0.8228676131591416,0.7486892796068628,0.8558240585096849,110.38693970814347
random_r1_molecular_graph_chemprop,1,"{""architecture"": ""D-MPNN"", ""batch_size"": 64, ""depth"": 3, ""dropout"": 0.0, ""early_stopping_patience"": 5, ""ensemble_size"": 1, ""ffn_hidden_dim"": 300, ""ffn_num_layers"": 1, ""maximum_epochs"": 30, ""message_hidden_dim"": 300}",1.1397525916780777,0.8067461147948607,0.7730476399786362,0.8773800321562184,134.73574637481943
random_r2_molecular_graph_chemprop,1,"{""architecture"": ""D-MPNN"", ""batch_size"": 64, ""depth"": 3, ""dropout"": 0.0, ""early_stopping_patience"": 5, ""ensemble_size"": 1, ""ffn_hidden_dim"": 300, ""ffn_num_layers"": 1, ""maximum_epochs"": 30, ""message_hidden_dim"": 300}",1.2238109885217505,0.8063402118593088,0.7547466724838306,0.8720607687886354,189.23586983326823
random_r3_molecular_graph_chemprop,1,"{""architecture"": ""D-MPNN"", ""batch_size"": 64, ""depth"": 3, ""dropout"": 0.0, ""early_stopping_patience"": 5, ""ensemble_size"": 1, ""ffn_hidden_dim"": 300, ""ffn_num_layers"": 1, ""maximum_epochs"": 30, ""message_hidden_dim"": 300}",1.2102924454072248,0.8256591162101783,0.7542711301144277,0.8753245840539507,155.6721609160304
random_r4_molecular_graph_chemprop,1,"{""architecture"": ""D-MPNN"", ""batch_size"": 64, ""depth"": 3, ""dropout"": 0.0, ""early_stopping_patience"": 5, ""ensemble_size"": 1, ""ffn_hidden_dim"": 300, ""ffn_num_layers"": 1, ""maximum_epochs"": 30, ""message_hidden_dim"": 300}",1.1547619256976684,0.7762907991958194,0.7597900992574905,0.8745164322551261,183.93709174869582
random_r5_molecular_graph_chemprop,1,"{""architecture"": ""D-MPNN"", ""batch_size"": 64, ""depth"": 3, ""dropout"": 0.0, ""early_stopping_patience"": 5, ""ensemble_size"": 1, ""ffn_hidden_dim"": 300, ""ffn_num_layers"": 1, ""maximum_epochs"": 30, ""message_hidden_dim"": 300}",1.1683967387786949,0.8000341895898551,0.7658196795269281,0.8742532706359074,184.40449970774353
scaffold_r1_molecular_graph_chemprop,1,"{""architecture"": ""D-MPNN"", ""batch_size"": 64, ""depth"": 3, ""dropout"": 0.0, ""early_stopping_patience"": 5, ""ensemble_size"": 1, ""ffn_hidden_dim"": 300, ""ffn_num_layers"": 1, ""maximum_epochs"": 30, ""message_hidden_dim"": 300}",1.2258523821928715,0.87267202750262,0.7325800071253152,0.8689014634651178,148.7683276673779
scaffold_r2_molecular_graph_chemprop,1,"{""architecture"": ""D-MPNN"", ""batch_size"": 64, ""depth"": 3, ""dropout"": 0.0, ""early_stopping_patience"": 5, ""ensemble_size"": 1, ""ffn_hidden_dim"": 300, ""ffn_num_layers"": 1, ""maximum_epochs"": 30, ""message_hidden_dim"": 300}",1.3055295148880188,0.9492833900135899,0.7081466862847978,0.8344520484898639,134.456639458891
scaffold_r3_molecular_graph_chemprop,1,"{""architecture"": ""D-MPNN"", ""batch_size"": 64, ""depth"": 3, ""dropout"": 0.0, ""early_stopping_patience"": 5, ""ensemble_size"": 1, ""ffn_hidden_dim"": 300, ""ffn_num_layers"": 1, ""maximum_epochs"": 30, ""message_hidden_dim"": 300}",1.2657853827980683,0.8823351637390748,0.7365292545632609,0.8660983455218806,180.59142445819452
scaffold_r4_molecular_graph_chemprop,1,"{""architecture"": ""D-MPNN"", ""batch_size"": 64, ""depth"": 3, ""dropout"": 0.0, ""early_stopping_patience"": 5, ""ensemble_size"": 1, ""ffn_hidden_dim"": 300, ""ffn_num_layers"": 1, ""maximum_epochs"": 30, ""message_hidden_dim"": 300}",1.221258079657652,0.8511820940178372,0.7307355646052737,0.8606024610349957,157.0799525831826
scaffold_r5_molecular_graph_chemprop,1,"{""architecture"": ""D-MPNN"", ""batch_size"": 64, ""depth"": 3, ""dropout"": 0.0, ""early_stopping_patience"": 5, ""ensemble_size"": 1, ""ffn_hidden_dim"": 300, ""ffn_num_layers"": 1, ""maximum_epochs"": 30, ""message_hidden_dim"": 300}",1.2351049206789204,0.8755772234382385,0.73546216908094,0.8675601417262135,118.11520745884627
