split_strategy,feature_type,model,repeats,total_test_predictions,mean_rmse,sd_rmse,mean_mae,mean_median_absolute_error,mean_primary_failure_rate,sd_primary_failure_rate
low_similarity,rdkit_descriptors,random_forest,5,4485,1.473881341810042,0.03219610240878084,1.0324052293589747,0.6917895913993964,0.3672240802675585,0.006237057182028712
low_similarity,rdkit_descriptors,extra_trees,5,4485,1.4924905251714038,0.028158401720490063,1.0437336354284525,0.6988339643889712,0.38238573021181715,0.006872256413566309
low_similarity,rdkit_descriptors,ridge,5,4485,1.6337460102275945,0.0364115048921513,1.1816409088680018,0.8594412261108794,0.43946488294314384,0.005867423575001446
low_similarity,maccs_fingerprints,extra_trees,5,4485,1.6878742061280125,0.04164382392531721,1.2387893585653384,0.9245078761836376,0.4642140468227424,0.014823429332079965
low_similarity,maccs_fingerprints,random_forest,5,4485,1.6879787543163274,0.032379449017353575,1.2362506288480712,0.9101414115585804,0.46131549609810485,0.010440164787909182
low_similarity,morgan_fingerprints,extra_trees,5,4485,1.7953951429950041,0.03237074841758204,1.35863044613149,1.0377225343686989,0.515273132664437,0.014307190392111983
low_similarity,maccs_fingerprints,ridge,5,4485,1.8102063418287742,0.027837711502216356,1.3824177742409591,1.091773908194422,0.5393534002229654,0.01274516172756105
low_similarity,morgan_fingerprints,random_forest,5,4485,1.8188243720321715,0.018093268227436874,1.383263427473612,1.0606419066035992,0.5253065774804905,0.014819236592827098
low_similarity,morgan_fingerprints,ridge,5,4485,1.9092429659964156,0.0324596120017083,1.4595161213288186,1.145989471518679,0.553623188405797,0.017407019169928078
low_similarity,maccs_fingerprints,dummy,5,4485,2.388943098930049,0.014021566016453423,1.9641196158293421,1.8018405105,0.7079152731326644,0.014599555020857025
low_similarity,morgan_fingerprints,dummy,5,4485,2.388943098930049,0.014021566016453423,1.9641196158293421,1.8018405105,0.7079152731326644,0.014599555020857025
low_similarity,rdkit_descriptors,dummy,5,4485,2.388943098930049,0.014021566016453423,1.9641196158293421,1.8018405105,0.7079152731326644,0.014599555020857025
random,rdkit_descriptors,random_forest,5,4485,1.220809012042407,0.06672583411757828,0.8131337098617226,0.5070258879676092,0.2729096989966555,0.011019321108719348
random,rdkit_descriptors,extra_trees,5,4485,1.2395275905714864,0.057601584888619384,0.8039347362942536,0.47770780326426293,0.2758082497212932,0.011248158979379645
random,maccs_fingerprints,random_forest,5,4485,1.3899839565072016,0.05753285572026313,0.9596639965380913,0.6216449256794472,0.33979933110367894,0.013888438352193923
random,rdkit_descriptors,ridge,5,4485,1.4222101536944296,0.06861432869071585,1.0286059564806667,0.7321425454614481,0.38952062430323303,0.009833256219041237
random,maccs_fingerprints,extra_trees,5,4485,1.422628842729496,0.04802380358113875,0.980787917585776,0.6535622052139912,0.34782608695652173,0.016629246254377134
random,morgan_fingerprints,extra_trees,5,4485,1.434839073499069,0.06741544216726025,1.02230380870067,0.7064695280440996,0.3763656633221851,0.010940085106218135
random,morgan_fingerprints,random_forest,5,4485,1.4637924092576606,0.05509714082982272,1.0620272599343377,0.7601064982380004,0.3928651059085842,0.012627601997452961
random,morgan_fingerprints,ridge,5,4485,1.6066509749076485,0.047261273477986185,1.208953297529943,0.9197225034666537,0.4628762541806021,0.011019321108719326
random,maccs_fingerprints,ridge,5,4485,1.6443231580549509,0.04894768713407104,1.2441356430747914,0.9579873585838887,0.48138238573021186,0.01895861910321636
random,maccs_fingerprints,dummy,5,4485,2.3792228836847626,0.011497983312019906,1.9288237806607147,1.6727630883652207,0.6918617614269789,0.008401981574767835
random,morgan_fingerprints,dummy,5,4485,2.3792228836847626,0.011497983312019906,1.9288237806607147,1.6727630883652207,0.6918617614269789,0.008401981574767835
random,rdkit_descriptors,dummy,5,4485,2.3792228836847626,0.011497983312019906,1.9288237806607147,1.6727630883652207,0.6918617614269789,0.008401981574767835
scaffold,rdkit_descriptors,random_forest,5,4485,1.3008560864943917,0.04208084611024007,0.8786817079883813,0.5839952183507165,0.29632107023411375,0.012793826134175946
scaffold,rdkit_descriptors,extra_trees,5,4485,1.3389328586584388,0.052049429284320714,0.9021859591057962,0.5905788168315144,0.3134894091415831,0.018000230752423362
scaffold,rdkit_descriptors,ridge,5,4485,1.4965417775193721,0.02125432821458496,1.075128534973032,0.7664403994504824,0.38483835005574135,0.015415282958701109
scaffold,maccs_fingerprints,extra_trees,5,4485,1.661374082786795,0.05760575108436205,1.2071299317431923,0.8906783248490828,0.45551839464882943,0.023472341904989154
scaffold,maccs_fingerprints,random_forest,5,4485,1.694866498393834,0.06944839832670693,1.2279920190665283,0.888138488825376,0.46399108138238565,0.021493336472320594
scaffold,maccs_fingerprints,ridge,5,4485,1.870317272435522,0.03533483744655561,1.4320913095394594,1.1425464497223474,0.5549609810479376,0.01408834619346634
scaffold,morgan_fingerprints,ridge,5,4485,1.8816269211630385,0.03901430388723864,1.440428547757407,1.147785076287984,0.5520624303232999,0.008054578313573408
scaffold,morgan_fingerprints,extra_trees,5,4485,1.9440160720082715,0.05461484977761869,1.4463851662502094,1.0618523646236997,0.521293199554069,0.021911389097544788
scaffold,morgan_fingerprints,random_forest,5,4485,1.9567518277243672,0.038577536776172726,1.466841792266059,1.0805963257778994,0.5313266443701227,0.019173731516159403
scaffold,maccs_fingerprints,dummy,5,4485,2.870400545912498,0.031063810244882983,2.3425422842692725,2.1294310893755513,0.7518394648829432,0.011521079761662258
scaffold,morgan_fingerprints,dummy,5,4485,2.870400545912498,0.031063810244882983,2.3425422842692725,2.1294310893755513,0.7518394648829432,0.011521079761662258
scaffold,rdkit_descriptors,dummy,5,4485,2.870400545912498,0.031063810244882983,2.3425422842692725,2.1294310893755513,0.7518394648829432,0.011521079761662258
