scope,heldout_source,meta_model,candidate_rows,positive_rows,roc_auc,average_precision,brier_score,log_loss
all_sources,ALL,hgb_full,700,75,0.9018666666666666,0.6636408706563227,0.060096120744495475,0.2854054305448057
all_sources,ALL,hgb_identity_only,700,75,0.9443199999999999,0.6858987434151802,0.05007391379978661,0.20352549165836065
all_sources,ALL,hgb_identity_validation,700,75,0.87344,0.6811344601871894,0.05987752963224025,0.2796764405753483
all_sources,ALL,hgb_task_chemistry_no_validation,700,75,0.9439146666666667,0.670730357563974,0.05911333300600612,0.2393459249916251
heldout_source,AQUA,hgb_full,140,15,0.9855999999999999,0.916055900621118,0.029202133012574828,0.11216684366633703
heldout_source,AqSolDB,hgb_full,140,15,0.7872,0.41703091316045005,0.09919202343071716,0.6723729472801344
heldout_source,Delaney,hgb_full,140,15,0.9621333333333335,0.7100871152776779,0.05939909999604774,0.2039530477071326
heldout_source,OCHEM,hgb_full,140,15,0.9045333333333333,0.625397288760484,0.07581666980579801,0.31229078627091555
heldout_source,PHYSPROP,hgb_full,140,15,0.9786666666666667,0.8821533738851226,0.03687067747733963,0.12624352779950881
heldout_source,AQUA,hgb_identity_only,140,15,0.984,0.9066666666666667,0.02719435843060446,0.12880170016856493
heldout_source,AqSolDB,hgb_identity_only,140,15,0.872,0.47757575757575754,0.10711790598789413,0.5237354220706834
heldout_source,Delaney,hgb_identity_only,140,15,0.9946666666666666,0.94,0.019504714983141273,0.06134995541401432
heldout_source,OCHEM,hgb_identity_only,140,15,0.9333333333333333,0.5211428571428571,0.0770478746141519,0.2423904252245264
heldout_source,PHYSPROP,hgb_identity_only,140,15,0.9946666666666666,0.94,0.019504714983141273,0.06134995541401432
heldout_source,AQUA,hgb_identity_validation,140,15,0.9866666666666667,0.9131296769915695,0.030322421774586404,0.08934557013470716
heldout_source,AqSolDB,hgb_identity_validation,140,15,0.6765333333333332,0.41485427807989006,0.09753813275339558,0.6581928019798206
heldout_source,Delaney,hgb_identity_validation,140,15,0.9648,0.734001851349501,0.05517616566536529,0.17923101258725524
heldout_source,OCHEM,hgb_identity_validation,140,15,0.8586666666666667,0.5621305256734453,0.07571274874270274,0.348942700663948
heldout_source,PHYSPROP,hgb_identity_validation,140,15,0.9813333333333333,0.8732395382395381,0.040638179225151214,0.12267011751101037
heldout_source,AQUA,hgb_task_chemistry_no_validation,140,15,0.9805333333333333,0.9007553366174055,0.03157505533476781,0.11178523646390576
heldout_source,AqSolDB,hgb_task_chemistry_no_validation,140,15,0.8984,0.5105072463768116,0.12244297492777696,0.5046603475911052
heldout_source,Delaney,hgb_task_chemistry_no_validation,140,15,0.9802666666666666,0.9045299145299146,0.028604107100587223,0.10390669652376859
heldout_source,OCHEM,hgb_task_chemistry_no_validation,140,15,0.9056000000000001,0.5109126351231614,0.0796111949845938,0.34080428301738763
heldout_source,PHYSPROP,hgb_task_chemistry_no_validation,140,15,0.9744,0.8821805645335057,0.03333333268230483,0.13557306136195826
