selector,metric,estimate,lower_95,upper_95,bootstrap_unit,source_clusters,iterations,seed
oracle,mean_rmse_regret,0.0,0.0,0.0,heldout_source,5,2000,20260309
meta_hist_gradient_boosting,mean_rmse_regret,0.018101540111979984,0.006406005414665525,0.03154021539562396,heldout_source,5,2000,20260309
fixed_xgboost_rdkit,mean_rmse_regret,0.02279083093511368,0.009068652993550974,0.03998457071562509,heldout_source,5,2000,20260309
meta_random_forest,mean_rmse_regret,0.02585183693781766,0.017638270748832133,0.03996369239599544,heldout_source,5,2000,20260309
meta_bayesian_logistic_laplace,mean_rmse_regret,0.02678973397928606,0.01225238780469006,0.042512188458756074,heldout_source,5,2000,20260309
meta_logistic,mean_rmse_regret,0.02678973397928606,0.01225238780469006,0.04163070893396567,heldout_source,5,2000,20260309
fixed_svr_rdkit,mean_rmse_regret,0.028646510088534596,0.0,0.05729302017706919,heldout_source,5,2000,20260309
validation_rmse,mean_rmse_regret,0.033158643999593715,0.020621202001123443,0.04643832768212271,heldout_source,5,2000,20260309
training_source_best,mean_rmse_regret,0.04867938874850131,0.02842709600476658,0.07146124321859343,heldout_source,5,2000,20260309
fixed_random_forest_rdkit,mean_rmse_regret,0.06743639932308165,0.03424700910928896,0.09689391125169834,heldout_source,5,2000,20260309
fixed_chemprop_graph,mean_rmse_regret,0.07886117379168464,0.04455158615560377,0.11987363472124095,heldout_source,5,2000,20260309
oracle,mean_selected_test_rmse,0.9258542736425988,0.6303242181027502,1.2213843291824473,heldout_source,5,2000,20260309
meta_hist_gradient_boosting,mean_selected_test_rmse,0.9439558137545787,0.6513507186910208,1.2398145189400405,heldout_source,5,2000,20260309
fixed_xgboost_rdkit,mean_selected_test_rmse,0.9486451045777125,0.6650520942734386,1.2322381148819863,heldout_source,5,2000,20260309
meta_random_forest,mean_selected_test_rmse,0.9517061105804163,0.6628456527326216,1.2405665684282112,heldout_source,5,2000,20260309
meta_bayesian_logistic_laplace,mean_selected_test_rmse,0.9526440076218848,0.6650520942734386,1.240235920970331,heldout_source,5,2000,20260309
meta_logistic,mean_selected_test_rmse,0.9526440076218848,0.6650520942734386,1.240235920970331,heldout_source,5,2000,20260309
fixed_svr_rdkit,mean_selected_test_rmse,0.9545007837311331,0.6303242181027502,1.2786773493595165,heldout_source,5,2000,20260309
validation_rmse,mean_selected_test_rmse,0.9590129176421925,0.6718352150550482,1.2551137563774217,heldout_source,5,2000,20260309
training_source_best,mean_selected_test_rmse,0.9745336623911001,0.6665960627703703,1.2842864475247584,heldout_source,5,2000,20260309
fixed_random_forest_rdkit,mean_selected_test_rmse,0.9932906729656803,0.7221650647716308,1.2648288575300564,heldout_source,5,2000,20260309
fixed_chemprop_graph,mean_selected_test_rmse,1.0047154474342832,0.701830446443943,1.3285320912844976,heldout_source,5,2000,20260309
fixed_random_forest_rdkit,top3_selection_rate,0.24,0.04,0.44,heldout_source,5,2000,20260309
fixed_chemprop_graph,top3_selection_rate,0.28,0.08,0.48,heldout_source,5,2000,20260309
fixed_svr_rdkit,top3_selection_rate,0.6,0.2,1.0,heldout_source,5,2000,20260309
training_source_best,top3_selection_rate,0.6,0.2,1.0,heldout_source,5,2000,20260309
validation_rmse,top3_selection_rate,0.84,0.72,0.96,heldout_source,5,2000,20260309
meta_bayesian_logistic_laplace,top3_selection_rate,0.88,0.64,1.0,heldout_source,5,2000,20260309
meta_hist_gradient_boosting,top3_selection_rate,0.88,0.72,1.0,heldout_source,5,2000,20260309
meta_logistic,top3_selection_rate,0.88,0.64,1.0,heldout_source,5,2000,20260309
meta_random_forest,top3_selection_rate,0.88,0.72,1.0,heldout_source,5,2000,20260309
fixed_xgboost_rdkit,top3_selection_rate,0.96,0.88,1.0,heldout_source,5,2000,20260309
oracle,top3_selection_rate,1.0,1.0,1.0,heldout_source,5,2000,20260309
fixed_chemprop_graph,within_0p1_of_best_rate,0.76,0.36,1.0,heldout_source,5,2000,20260309
fixed_random_forest_rdkit,within_0p1_of_best_rate,0.8,0.4,1.0,heldout_source,5,2000,20260309
fixed_svr_rdkit,within_0p1_of_best_rate,1.0,1.0,1.0,heldout_source,5,2000,20260309
fixed_xgboost_rdkit,within_0p1_of_best_rate,1.0,1.0,1.0,heldout_source,5,2000,20260309
meta_bayesian_logistic_laplace,within_0p1_of_best_rate,1.0,1.0,1.0,heldout_source,5,2000,20260309
meta_hist_gradient_boosting,within_0p1_of_best_rate,1.0,1.0,1.0,heldout_source,5,2000,20260309
meta_logistic,within_0p1_of_best_rate,1.0,1.0,1.0,heldout_source,5,2000,20260309
meta_random_forest,within_0p1_of_best_rate,1.0,1.0,1.0,heldout_source,5,2000,20260309
oracle,within_0p1_of_best_rate,1.0,1.0,1.0,heldout_source,5,2000,20260309
training_source_best,within_0p1_of_best_rate,1.0,1.0,1.0,heldout_source,5,2000,20260309
validation_rmse,within_0p1_of_best_rate,1.0,1.0,1.0,heldout_source,5,2000,20260309
