selector,reference,metric,direction,paired_difference,lower_95,upper_95,bootstrap_probability_better,source_clusters,iterations,seed
meta_bayesian_logistic_laplace,fixed_svr_rdkit,mean_rmse_regret,lower_is_better,-0.0018567761092485346,-0.04552208509451502,0.03627184466762009,0.52,5,2000,20260309
meta_bayesian_logistic_laplace,fixed_xgboost_rdkit,mean_rmse_regret,lower_is_better,0.003998903044172382,0.0,0.011996709132517146,0.0,5,2000,20260309
meta_bayesian_logistic_laplace,training_source_best,mean_rmse_regret,lower_is_better,-0.02188965476921524,-0.05839368718087007,0.0,0.922,5,2000,20260309
meta_bayesian_logistic_laplace,validation_rmse,mean_rmse_regret,lower_is_better,-0.006368910020307657,-0.023115656516098756,0.009907266126205672,0.7905,5,2000,20260309
meta_hist_gradient_boosting,fixed_svr_rdkit,mean_rmse_regret,lower_is_better,-0.010544969976554613,-0.04682430120109997,0.02482041324058394,0.6875,5,2000,20260309
meta_hist_gradient_boosting,fixed_xgboost_rdkit,mean_rmse_regret,lower_is_better,-0.004689290823133696,-0.016320152611961708,0.006038591658441726,0.7415,5,2000,20260309
meta_hist_gradient_boosting,training_source_best,mean_rmse_regret,lower_is_better,-0.03057784863652132,-0.05770440294240777,-0.00980529320869557,0.9995,5,2000,20260309
meta_hist_gradient_boosting,validation_rmse,mean_rmse_regret,lower_is_better,-0.015057103887613735,-0.026856181209195355,-0.004598838057108221,0.998,5,2000,20260309
meta_logistic,fixed_svr_rdkit,mean_rmse_regret,lower_is_better,-0.0018567761092485346,-0.045522085094515025,0.03791798288596067,0.5165,5,2000,20260309
meta_logistic,fixed_xgboost_rdkit,mean_rmse_regret,lower_is_better,0.003998903044172382,0.0,0.011996709132517146,0.0,5,2000,20260309
meta_logistic,training_source_best,mean_rmse_regret,lower_is_better,-0.02188965476921524,-0.05839368718087007,0.0,0.9235,5,2000,20260309
meta_logistic,validation_rmse,mean_rmse_regret,lower_is_better,-0.006368910020307657,-0.023115656516098756,0.009248078739853699,0.809,5,2000,20260309
meta_random_forest,fixed_svr_rdkit,mean_rmse_regret,lower_is_better,-0.002794673150716935,-0.04830194942993158,0.03406540312680319,0.5415,5,2000,20260309
meta_random_forest,fixed_xgboost_rdkit,mean_rmse_regret,lower_is_better,0.003061006002703981,-0.002206441540816906,0.008650589924456971,0.1275,5,2000,20260309
meta_random_forest,training_source_best,mean_rmse_regret,lower_is_better,-0.022827551810683643,-0.052638779530177024,-0.001103220770408453,0.992,5,2000,20260309
meta_random_forest,validation_rmse,mean_rmse_regret,lower_is_better,-0.007306807061776058,-0.015834501403877727,0.0008909325568751443,0.939,5,2000,20260309
meta_bayesian_logistic_laplace,fixed_svr_rdkit,top3_selection_rate,higher_is_better,0.28,0.0,0.6799999999999999,0.9165,5,2000,20260309
meta_bayesian_logistic_laplace,fixed_xgboost_rdkit,top3_selection_rate,higher_is_better,-0.08,-0.24000000000000005,0.0,0.0,5,2000,20260309
meta_bayesian_logistic_laplace,training_source_best,top3_selection_rate,higher_is_better,0.28,0.0,0.6409999999999946,0.923,5,2000,20260309
meta_bayesian_logistic_laplace,validation_rmse,top3_selection_rate,higher_is_better,0.04,-0.24000000000000005,0.24000000000000005,0.574,5,2000,20260309
meta_hist_gradient_boosting,fixed_svr_rdkit,top3_selection_rate,higher_is_better,0.28,0.0,0.6,0.915,5,2000,20260309
meta_hist_gradient_boosting,fixed_xgboost_rdkit,top3_selection_rate,higher_is_better,-0.08,-0.16,0.0,0.0,5,2000,20260309
meta_hist_gradient_boosting,training_source_best,top3_selection_rate,higher_is_better,0.28,0.0,0.6,0.928,5,2000,20260309
meta_hist_gradient_boosting,validation_rmse,top3_selection_rate,higher_is_better,0.04,-0.08,0.16,0.607,5,2000,20260309
meta_logistic,fixed_svr_rdkit,top3_selection_rate,higher_is_better,0.28,0.0,0.6799999999999999,0.927,5,2000,20260309
meta_logistic,fixed_xgboost_rdkit,top3_selection_rate,higher_is_better,-0.08,-0.24000000000000005,0.0,0.0,5,2000,20260309
meta_logistic,training_source_best,top3_selection_rate,higher_is_better,0.28,0.0,0.6799999999999999,0.934,5,2000,20260309
meta_logistic,validation_rmse,top3_selection_rate,higher_is_better,0.04,-0.20000000000000004,0.24000000000000005,0.566,5,2000,20260309
meta_random_forest,fixed_svr_rdkit,top3_selection_rate,higher_is_better,0.28,0.0,0.6,0.9235,5,2000,20260309
meta_random_forest,fixed_xgboost_rdkit,top3_selection_rate,higher_is_better,-0.08,-0.16,0.0,0.0,5,2000,20260309
meta_random_forest,training_source_best,top3_selection_rate,higher_is_better,0.28,0.0,0.6,0.9245,5,2000,20260309
meta_random_forest,validation_rmse,top3_selection_rate,higher_is_better,0.04,-0.08000000000000002,0.16,0.616,5,2000,20260309
