outer_heldout_source,task_id,selector,selected_run_id,selected_model,selected_feature_type,predicted_top3_probability,probability_lower_95,probability_upper_95,actual_top3,selected_test_rmse,rmse_regret_vs_best,within_0p1_log_s_of_best,selection_detail
AQUA,source_holdout_aqua_r1,fixed_chemprop_graph,source_holdout_aqua_r1_molecular_graph_chemprop,chemprop,molecular_graph,,,,0,0.666241504002147,0.06153285217142568,1,fixed candidate: chemprop + molecular_graph
AQUA,source_holdout_aqua_r2,fixed_chemprop_graph,source_holdout_aqua_r2_molecular_graph_chemprop,chemprop,molecular_graph,,,,0,0.7020986492385507,0.09739890399775775,1,fixed candidate: chemprop + molecular_graph
AQUA,source_holdout_aqua_r3,fixed_chemprop_graph,source_holdout_aqua_r3_molecular_graph_chemprop,chemprop,molecular_graph,,,,0,0.6734020368365776,0.06571811457769539,1,fixed candidate: chemprop + molecular_graph
AQUA,source_holdout_aqua_r4,fixed_chemprop_graph,source_holdout_aqua_r4_molecular_graph_chemprop,chemprop,molecular_graph,,,,0,0.682122043497634,0.0774387866639128,1,fixed candidate: chemprop + molecular_graph
AQUA,source_holdout_aqua_r5,fixed_chemprop_graph,source_holdout_aqua_r5_molecular_graph_chemprop,chemprop,molecular_graph,,,,0,0.6964236264313872,0.09173136775359003,1,fixed candidate: chemprop + molecular_graph
AqSolDB,source_holdout_aqsoldb_r1,fixed_chemprop_graph,source_holdout_aqsoldb_r1_molecular_graph_chemprop,chemprop,molecular_graph,,,,0,1.5077310257365337,0.16444769799834003,0,fixed candidate: chemprop + molecular_graph
AqSolDB,source_holdout_aqsoldb_r2,fixed_chemprop_graph,source_holdout_aqsoldb_r2_molecular_graph_chemprop,chemprop,molecular_graph,,,,0,1.5602138480821512,0.19820368088330564,0,fixed candidate: chemprop + molecular_graph
AqSolDB,source_holdout_aqsoldb_r3,fixed_chemprop_graph,source_holdout_aqsoldb_r3_molecular_graph_chemprop,chemprop,molecular_graph,,,,0,1.4788516469800659,0.13512012804356055,0,fixed candidate: chemprop + molecular_graph
AqSolDB,source_holdout_aqsoldb_r4,fixed_chemprop_graph,source_holdout_aqsoldb_r4_molecular_graph_chemprop,chemprop,molecular_graph,,,,0,1.5113065337175535,0.1575837138601286,0,fixed candidate: chemprop + molecular_graph
AqSolDB,source_holdout_aqsoldb_r5,fixed_chemprop_graph,source_holdout_aqsoldb_r5_molecular_graph_chemprop,chemprop,molecular_graph,,,,0,1.4902014290871481,0.1336295976214963,0,fixed candidate: chemprop + molecular_graph
Delaney,source_holdout_delaney_r1,fixed_chemprop_graph,source_holdout_delaney_r1_molecular_graph_chemprop,chemprop,molecular_graph,,,,1,0.6940982428531652,0.0552964680186937,1,fixed candidate: chemprop + molecular_graph
Delaney,source_holdout_delaney_r2,fixed_chemprop_graph,source_holdout_delaney_r2_molecular_graph_chemprop,chemprop,molecular_graph,,,,0,0.7248882122285923,0.09058575604928532,1,fixed candidate: chemprop + molecular_graph
Delaney,source_holdout_delaney_r3,fixed_chemprop_graph,source_holdout_delaney_r3_molecular_graph_chemprop,chemprop,molecular_graph,,,,1,0.7051122268138826,0.06629994763651703,1,fixed candidate: chemprop + molecular_graph
Delaney,source_holdout_delaney_r4,fixed_chemprop_graph,source_holdout_delaney_r4_molecular_graph_chemprop,chemprop,molecular_graph,,,,0,0.7158433439527859,0.07701365340290323,1,fixed candidate: chemprop + molecular_graph
Delaney,source_holdout_delaney_r5,fixed_chemprop_graph,source_holdout_delaney_r5_molecular_graph_chemprop,chemprop,molecular_graph,,,,0,0.7409629850968276,0.10216120810750073,0,fixed candidate: chemprop + molecular_graph
OCHEM,source_holdout_ochem_r1,fixed_chemprop_graph,source_holdout_ochem_r1_molecular_graph_chemprop,chemprop,molecular_graph,,,,0,1.4202762585358122,0.058599856343408474,1,fixed candidate: chemprop + molecular_graph
OCHEM,source_holdout_ochem_r2,fixed_chemprop_graph,source_holdout_ochem_r2_molecular_graph_chemprop,chemprop,molecular_graph,,,,1,1.3949408868911988,0.03139488023843695,1,fixed candidate: chemprop + molecular_graph
OCHEM,source_holdout_ochem_r3,fixed_chemprop_graph,source_holdout_ochem_r3_molecular_graph_chemprop,chemprop,molecular_graph,,,,1,1.3746261934969404,0.0,1,fixed candidate: chemprop + molecular_graph
OCHEM,source_holdout_ochem_r4,fixed_chemprop_graph,source_holdout_ochem_r4_molecular_graph_chemprop,chemprop,molecular_graph,,,,0,1.4115834337837514,0.03807828505622357,1,fixed candidate: chemprop + molecular_graph
OCHEM,source_holdout_ochem_r5,fixed_chemprop_graph,source_holdout_ochem_r5_molecular_graph_chemprop,chemprop,molecular_graph,,,,1,1.4048218435240136,0.03322805872178569,1,fixed candidate: chemprop + molecular_graph
PHYSPROP,source_holdout_physprop_r1,fixed_chemprop_graph,source_holdout_physprop_r1_molecular_graph_chemprop,chemprop,molecular_graph,,,,0,0.7331713368147147,0.06905492948989012,1,fixed candidate: chemprop + molecular_graph
PHYSPROP,source_holdout_physprop_r2,fixed_chemprop_graph,source_holdout_physprop_r2_molecular_graph_chemprop,chemprop,molecular_graph,,,,1,0.6949065374660885,0.03079397471942169,1,fixed candidate: chemprop + molecular_graph
PHYSPROP,source_holdout_physprop_r3,fixed_chemprop_graph,source_holdout_physprop_r3_molecular_graph_chemprop,chemprop,molecular_graph,,,,0,0.7317344865918535,0.06487064891785743,1,fixed candidate: chemprop + molecular_graph
PHYSPROP,source_holdout_physprop_r4,fixed_chemprop_graph,source_holdout_physprop_r4_molecular_graph_chemprop,chemprop,molecular_graph,,,,1,0.7039119095090444,0.037043573741380786,1,fixed candidate: chemprop + molecular_graph
PHYSPROP,source_holdout_physprop_r5,fixed_chemprop_graph,source_holdout_physprop_r5_molecular_graph_chemprop,chemprop,molecular_graph,,,,0,0.6984159446886635,0.03430326077759849,1,fixed candidate: chemprop + molecular_graph
AQUA,source_holdout_aqua_r1,fixed_random_forest_rdkit,source_holdout_aqua_r1_rdkit_descriptors_random_forest,random_forest,rdkit_descriptors,,,,0,0.6714283315347511,0.06671967970402981,1,fixed candidate: random_forest + rdkit_descriptors
AQUA,source_holdout_aqua_r2,fixed_random_forest_rdkit,source_holdout_aqua_r2_rdkit_descriptors_random_forest,random_forest,rdkit_descriptors,,,,1,0.6600275026932805,0.055327757452487525,1,fixed candidate: random_forest + rdkit_descriptors
AQUA,source_holdout_aqua_r3,fixed_random_forest_rdkit,source_holdout_aqua_r3_rdkit_descriptors_random_forest,random_forest,rdkit_descriptors,,,,0,0.67337547768136,0.06569155542247773,1,fixed candidate: random_forest + rdkit_descriptors
AQUA,source_holdout_aqua_r4,fixed_random_forest_rdkit,source_holdout_aqua_r4_rdkit_descriptors_random_forest,random_forest,rdkit_descriptors,,,,1,0.6680973704222567,0.06341411358853555,1,fixed candidate: random_forest + rdkit_descriptors
AQUA,source_holdout_aqua_r5,fixed_random_forest_rdkit,source_holdout_aqua_r5_rdkit_descriptors_random_forest,random_forest,rdkit_descriptors,,,,0,0.6782113135315962,0.07351905485379906,1,fixed candidate: random_forest + rdkit_descriptors
AqSolDB,source_holdout_aqsoldb_r1,fixed_random_forest_rdkit,source_holdout_aqsoldb_r1_rdkit_descriptors_random_forest,random_forest,rdkit_descriptors,,,,0,1.3656446797495658,0.022361352011372126,1,fixed candidate: random_forest + rdkit_descriptors
AqSolDB,source_holdout_aqsoldb_r2,fixed_random_forest_rdkit,source_holdout_aqsoldb_r2_rdkit_descriptors_random_forest,random_forest,rdkit_descriptors,,,,0,1.3700690546152923,0.00805888741644667,1,fixed candidate: random_forest + rdkit_descriptors
AqSolDB,source_holdout_aqsoldb_r3,fixed_random_forest_rdkit,source_holdout_aqsoldb_r3_rdkit_descriptors_random_forest,random_forest,rdkit_descriptors,,,,1,1.3525654221257668,0.008833903189261472,1,fixed candidate: random_forest + rdkit_descriptors
AqSolDB,source_holdout_aqsoldb_r4,fixed_random_forest_rdkit,source_holdout_aqsoldb_r4_rdkit_descriptors_random_forest,random_forest,rdkit_descriptors,,,,1,1.354896753115675,0.0011739332582501039,1,fixed candidate: random_forest + rdkit_descriptors
AqSolDB,source_holdout_aqsoldb_r5,fixed_random_forest_rdkit,source_holdout_aqsoldb_r5_rdkit_descriptors_random_forest,random_forest,rdkit_descriptors,,,,1,1.357374771071394,0.0008029396057420701,1,fixed candidate: random_forest + rdkit_descriptors
Delaney,source_holdout_delaney_r1,fixed_random_forest_rdkit,source_holdout_delaney_r1_rdkit_descriptors_random_forest,random_forest,rdkit_descriptors,,,,0,0.7658461537108552,0.12704437887638365,0,fixed candidate: random_forest + rdkit_descriptors
Delaney,source_holdout_delaney_r2,fixed_random_forest_rdkit,source_holdout_delaney_r2_rdkit_descriptors_random_forest,random_forest,rdkit_descriptors,,,,0,0.7517128216598545,0.11741036548054751,0,fixed candidate: random_forest + rdkit_descriptors
Delaney,source_holdout_delaney_r3,fixed_random_forest_rdkit,source_holdout_delaney_r3_rdkit_descriptors_random_forest,random_forest,rdkit_descriptors,,,,0,0.7525989631724314,0.11378668399506575,0,fixed candidate: random_forest + rdkit_descriptors
Delaney,source_holdout_delaney_r4,fixed_random_forest_rdkit,source_holdout_delaney_r4_rdkit_descriptors_random_forest,random_forest,rdkit_descriptors,,,,0,0.7624842361392483,0.12365454558936562,0,fixed candidate: random_forest + rdkit_descriptors
Delaney,source_holdout_delaney_r5,fixed_random_forest_rdkit,source_holdout_delaney_r5_rdkit_descriptors_random_forest,random_forest,rdkit_descriptors,,,,0,0.7444304283335971,0.10562865134427024,0,fixed candidate: random_forest + rdkit_descriptors
OCHEM,source_holdout_ochem_r1,fixed_random_forest_rdkit,source_holdout_ochem_r1_rdkit_descriptors_random_forest,random_forest,rdkit_descriptors,,,,1,1.4159897666090708,0.05431336441666712,1,fixed candidate: random_forest + rdkit_descriptors
OCHEM,source_holdout_ochem_r2,fixed_random_forest_rdkit,source_holdout_ochem_r2_rdkit_descriptors_random_forest,random_forest,rdkit_descriptors,,,,0,1.4180323848881722,0.05448637823541036,1,fixed candidate: random_forest + rdkit_descriptors
OCHEM,source_holdout_ochem_r3,fixed_random_forest_rdkit,source_holdout_ochem_r3_rdkit_descriptors_random_forest,random_forest,rdkit_descriptors,,,,0,1.4298676064904525,0.05524141299351215,1,fixed candidate: random_forest + rdkit_descriptors
OCHEM,source_holdout_ochem_r4,fixed_random_forest_rdkit,source_holdout_ochem_r4_rdkit_descriptors_random_forest,random_forest,rdkit_descriptors,,,,0,1.4154884779702865,0.041983329242758716,1,fixed candidate: random_forest + rdkit_descriptors
OCHEM,source_holdout_ochem_r5,fixed_random_forest_rdkit,source_holdout_ochem_r5_rdkit_descriptors_random_forest,random_forest,rdkit_descriptors,,,,0,1.4367382963529547,0.06514451155072676,1,fixed candidate: random_forest + rdkit_descriptors
PHYSPROP,source_holdout_physprop_r1,fixed_random_forest_rdkit,source_holdout_physprop_r1_rdkit_descriptors_random_forest,random_forest,rdkit_descriptors,,,,0,0.7577310540566935,0.09361464673186892,1,fixed candidate: random_forest + rdkit_descriptors
PHYSPROP,source_holdout_physprop_r2,fixed_random_forest_rdkit,source_holdout_physprop_r2_rdkit_descriptors_random_forest,random_forest,rdkit_descriptors,,,,0,0.7594674979628196,0.09535493521615279,1,fixed candidate: random_forest + rdkit_descriptors
PHYSPROP,source_holdout_physprop_r3,fixed_random_forest_rdkit,source_holdout_physprop_r3_rdkit_descriptors_random_forest,random_forest,rdkit_descriptors,,,,0,0.7606793529947762,0.09381551532078014,1,fixed candidate: random_forest + rdkit_descriptors
PHYSPROP,source_holdout_physprop_r4,fixed_random_forest_rdkit,source_holdout_physprop_r4_rdkit_descriptors_random_forest,random_forest,rdkit_descriptors,,,,0,0.7621907386655745,0.09532240289791094,1,fixed candidate: random_forest + rdkit_descriptors
PHYSPROP,source_holdout_physprop_r5,fixed_random_forest_rdkit,source_holdout_physprop_r5_rdkit_descriptors_random_forest,random_forest,rdkit_descriptors,,,,0,0.7473183685942838,0.08320568468321876,1,fixed candidate: random_forest + rdkit_descriptors
AQUA,source_holdout_aqua_r1,fixed_svr_rdkit,source_holdout_aqua_r1_rdkit_descriptors_svr,svr,rdkit_descriptors,,,,1,0.6047086518307213,0.0,1,fixed candidate: svr + rdkit_descriptors
AQUA,source_holdout_aqua_r2,fixed_svr_rdkit,source_holdout_aqua_r2_rdkit_descriptors_svr,svr,rdkit_descriptors,,,,1,0.604699745240793,0.0,1,fixed candidate: svr + rdkit_descriptors
AQUA,source_holdout_aqua_r3,fixed_svr_rdkit,source_holdout_aqua_r3_rdkit_descriptors_svr,svr,rdkit_descriptors,,,,1,0.6076839222588822,0.0,1,fixed candidate: svr + rdkit_descriptors
AQUA,source_holdout_aqua_r4,fixed_svr_rdkit,source_holdout_aqua_r4_rdkit_descriptors_svr,svr,rdkit_descriptors,,,,1,0.6046832568337211,0.0,1,fixed candidate: svr + rdkit_descriptors
AQUA,source_holdout_aqua_r5,fixed_svr_rdkit,source_holdout_aqua_r5_rdkit_descriptors_svr,svr,rdkit_descriptors,,,,1,0.6046922586777972,0.0,1,fixed candidate: svr + rdkit_descriptors
AqSolDB,source_holdout_aqsoldb_r1,fixed_svr_rdkit,source_holdout_aqsoldb_r1_rdkit_descriptors_svr,svr,rdkit_descriptors,,,,0,1.4025308815708624,0.059247553832668665,1,fixed candidate: svr + rdkit_descriptors
AqSolDB,source_holdout_aqsoldb_r2,fixed_svr_rdkit,source_holdout_aqsoldb_r2_rdkit_descriptors_svr,svr,rdkit_descriptors,,,,0,1.3981785750156464,0.03616840781680075,1,fixed candidate: svr + rdkit_descriptors
AqSolDB,source_holdout_aqsoldb_r3,fixed_svr_rdkit,source_holdout_aqsoldb_r3_rdkit_descriptors_svr,svr,rdkit_descriptors,,,,0,1.4025293019823057,0.05879778304580041,1,fixed candidate: svr + rdkit_descriptors
AqSolDB,source_holdout_aqsoldb_r4,fixed_svr_rdkit,source_holdout_aqsoldb_r4_rdkit_descriptors_svr,svr,rdkit_descriptors,,,,0,1.4025334551402777,0.04881063528285279,1,fixed candidate: svr + rdkit_descriptors
AqSolDB,source_holdout_aqsoldb_r5,fixed_svr_rdkit,source_holdout_aqsoldb_r5_rdkit_descriptors_svr,svr,rdkit_descriptors,,,,0,1.4025266754583325,0.04595484399268068,1,fixed candidate: svr + rdkit_descriptors
Delaney,source_holdout_delaney_r1,fixed_svr_rdkit,source_holdout_delaney_r1_rdkit_descriptors_svr,svr,rdkit_descriptors,,,,1,0.6388017748344715,0.0,1,fixed candidate: svr + rdkit_descriptors
Delaney,source_holdout_delaney_r2,fixed_svr_rdkit,source_holdout_delaney_r2_rdkit_descriptors_svr,svr,rdkit_descriptors,,,,1,0.634302456179307,0.0,1,fixed candidate: svr + rdkit_descriptors
Delaney,source_holdout_delaney_r3,fixed_svr_rdkit,source_holdout_delaney_r3_rdkit_descriptors_svr,svr,rdkit_descriptors,,,,1,0.6388122791773656,0.0,1,fixed candidate: svr + rdkit_descriptors
Delaney,source_holdout_delaney_r4,fixed_svr_rdkit,source_holdout_delaney_r4_rdkit_descriptors_svr,svr,rdkit_descriptors,,,,1,0.6388296905498827,0.0,1,fixed candidate: svr + rdkit_descriptors
Delaney,source_holdout_delaney_r5,fixed_svr_rdkit,source_holdout_delaney_r5_rdkit_descriptors_svr,svr,rdkit_descriptors,,,,1,0.6388017769893268,0.0,1,fixed candidate: svr + rdkit_descriptors
OCHEM,source_holdout_ochem_r1,fixed_svr_rdkit,source_holdout_ochem_r1_rdkit_descriptors_svr,svr,rdkit_descriptors,,,,0,1.4609556482074635,0.09927924601505977,1,fixed candidate: svr + rdkit_descriptors
OCHEM,source_holdout_ochem_r2,fixed_svr_rdkit,source_holdout_ochem_r2_rdkit_descriptors_svr,svr,rdkit_descriptors,,,,0,1.4634073133518488,0.099861306699087,1,fixed candidate: svr + rdkit_descriptors
OCHEM,source_holdout_ochem_r3,fixed_svr_rdkit,source_holdout_ochem_r3_rdkit_descriptors_svr,svr,rdkit_descriptors,,,,0,1.4609562977992365,0.08633010430229615,1,fixed candidate: svr + rdkit_descriptors
OCHEM,source_holdout_ochem_r4,fixed_svr_rdkit,source_holdout_ochem_r4_rdkit_descriptors_svr,svr,rdkit_descriptors,,,,0,1.4634044914040278,0.08989934267650002,1,fixed candidate: svr + rdkit_descriptors
OCHEM,source_holdout_ochem_r5,fixed_svr_rdkit,source_holdout_ochem_r5_rdkit_descriptors_svr,svr,rdkit_descriptors,,,,0,1.4634073133518466,0.09181352854961866,1,fixed candidate: svr + rdkit_descriptors
PHYSPROP,source_holdout_physprop_r1,fixed_svr_rdkit,source_holdout_physprop_r1_rdkit_descriptors_svr,svr,rdkit_descriptors,,,,1,0.6641164073248246,0.0,1,fixed candidate: svr + rdkit_descriptors
PHYSPROP,source_holdout_physprop_r2,fixed_svr_rdkit,source_holdout_physprop_r2_rdkit_descriptors_svr,svr,rdkit_descriptors,,,,1,0.6641125627466669,0.0,1,fixed candidate: svr + rdkit_descriptors
PHYSPROP,source_holdout_physprop_r3,fixed_svr_rdkit,source_holdout_physprop_r3_rdkit_descriptors_svr,svr,rdkit_descriptors,,,,1,0.666863837673996,0.0,1,fixed candidate: svr + rdkit_descriptors
PHYSPROP,source_holdout_physprop_r4,fixed_svr_rdkit,source_holdout_physprop_r4_rdkit_descriptors_svr,svr,rdkit_descriptors,,,,1,0.6668683357676636,0.0,1,fixed candidate: svr + rdkit_descriptors
PHYSPROP,source_holdout_physprop_r5,fixed_svr_rdkit,source_holdout_physprop_r5_rdkit_descriptors_svr,svr,rdkit_descriptors,,,,1,0.664112683911065,0.0,1,fixed candidate: svr + rdkit_descriptors
AQUA,source_holdout_aqua_r1,fixed_xgboost_rdkit,source_holdout_aqua_r1_rdkit_descriptors_xgboost,xgboost,rdkit_descriptors,,,,1,0.6348692963074404,0.030160644476719067,1,fixed candidate: xgboost + rdkit_descriptors
AQUA,source_holdout_aqua_r2,fixed_xgboost_rdkit,source_holdout_aqua_r2_rdkit_descriptors_xgboost,xgboost,rdkit_descriptors,,,,1,0.6322802645010043,0.027580519260211322,1,fixed candidate: xgboost + rdkit_descriptors
AQUA,source_holdout_aqua_r3,fixed_xgboost_rdkit,source_holdout_aqua_r3_rdkit_descriptors_xgboost,xgboost,rdkit_descriptors,,,,1,0.6376469727691485,0.029963050510266265,1,fixed candidate: xgboost + rdkit_descriptors
AQUA,source_holdout_aqua_r4,fixed_xgboost_rdkit,source_holdout_aqua_r4_rdkit_descriptors_xgboost,xgboost,rdkit_descriptors,,,,1,0.6248397400205639,0.02015648318684271,1,fixed candidate: xgboost + rdkit_descriptors
AQUA,source_holdout_aqua_r5,fixed_xgboost_rdkit,source_holdout_aqua_r5_rdkit_descriptors_xgboost,xgboost,rdkit_descriptors,,,,1,0.6328328330101054,0.02814057433230821,1,fixed candidate: xgboost + rdkit_descriptors
AqSolDB,source_holdout_aqsoldb_r1,fixed_xgboost_rdkit,source_holdout_aqsoldb_r1_rdkit_descriptors_xgboost,xgboost,rdkit_descriptors,,,,1,1.3513689407494056,0.008085613011211912,1,fixed candidate: xgboost + rdkit_descriptors
AqSolDB,source_holdout_aqsoldb_r2,fixed_xgboost_rdkit,source_holdout_aqsoldb_r2_rdkit_descriptors_xgboost,xgboost,rdkit_descriptors,,,,1,1.3620101671988456,0.0,1,fixed candidate: xgboost + rdkit_descriptors
AqSolDB,source_holdout_aqsoldb_r3,fixed_xgboost_rdkit,source_holdout_aqsoldb_r3_rdkit_descriptors_xgboost,xgboost,rdkit_descriptors,,,,1,1.373508584142037,0.029777065205531583,1,fixed candidate: xgboost + rdkit_descriptors
AqSolDB,source_holdout_aqsoldb_r4,fixed_xgboost_rdkit,source_holdout_aqsoldb_r4_rdkit_descriptors_xgboost,xgboost,rdkit_descriptors,,,,1,1.353722819857425,0.0,1,fixed candidate: xgboost + rdkit_descriptors
AqSolDB,source_holdout_aqsoldb_r5,fixed_xgboost_rdkit,source_holdout_aqsoldb_r5_rdkit_descriptors_xgboost,xgboost,rdkit_descriptors,,,,0,1.3767748370307065,0.02020300556505461,1,fixed candidate: xgboost + rdkit_descriptors
Delaney,source_holdout_delaney_r1,fixed_xgboost_rdkit,source_holdout_delaney_r1_rdkit_descriptors_xgboost,xgboost,rdkit_descriptors,,,,1,0.6879641274101344,0.049162352575662815,1,fixed candidate: xgboost + rdkit_descriptors
Delaney,source_holdout_delaney_r2,fixed_xgboost_rdkit,source_holdout_delaney_r2_rdkit_descriptors_xgboost,xgboost,rdkit_descriptors,,,,1,0.7007940682198232,0.06649161204051612,1,fixed candidate: xgboost + rdkit_descriptors
Delaney,source_holdout_delaney_r3,fixed_xgboost_rdkit,source_holdout_delaney_r3_rdkit_descriptors_xgboost,xgboost,rdkit_descriptors,,,,1,0.6974204936444413,0.05860821446707565,1,fixed candidate: xgboost + rdkit_descriptors
Delaney,source_holdout_delaney_r4,fixed_xgboost_rdkit,source_holdout_delaney_r4_rdkit_descriptors_xgboost,xgboost,rdkit_descriptors,,,,1,0.6799748606660944,0.04114517011621166,1,fixed candidate: xgboost + rdkit_descriptors
Delaney,source_holdout_delaney_r5,fixed_xgboost_rdkit,source_holdout_delaney_r5_rdkit_descriptors_xgboost,xgboost,rdkit_descriptors,,,,1,0.6933673062148477,0.054565529225520826,1,fixed candidate: xgboost + rdkit_descriptors
OCHEM,source_holdout_ochem_r1,fixed_xgboost_rdkit,source_holdout_ochem_r1_rdkit_descriptors_xgboost,xgboost,rdkit_descriptors,,,,1,1.3616764021924037,0.0,1,fixed candidate: xgboost + rdkit_descriptors
OCHEM,source_holdout_ochem_r2,fixed_xgboost_rdkit,source_holdout_ochem_r2_rdkit_descriptors_xgboost,xgboost,rdkit_descriptors,,,,1,1.3635460066527618,0.0,1,fixed candidate: xgboost + rdkit_descriptors
OCHEM,source_holdout_ochem_r3,fixed_xgboost_rdkit,source_holdout_ochem_r3_rdkit_descriptors_xgboost,xgboost,rdkit_descriptors,,,,1,1.3855093165938166,0.010883123096876224,1,fixed candidate: xgboost + rdkit_descriptors
OCHEM,source_holdout_ochem_r4,fixed_xgboost_rdkit,source_holdout_ochem_r4_rdkit_descriptors_xgboost,xgboost,rdkit_descriptors,,,,1,1.3735051487275278,0.0,1,fixed candidate: xgboost + rdkit_descriptors
OCHEM,source_holdout_ochem_r5,fixed_xgboost_rdkit,source_holdout_ochem_r5_rdkit_descriptors_xgboost,xgboost,rdkit_descriptors,,,,1,1.371593784802228,0.0,1,fixed candidate: xgboost + rdkit_descriptors
PHYSPROP,source_holdout_physprop_r1,fixed_xgboost_rdkit,source_holdout_physprop_r1_rdkit_descriptors_xgboost,xgboost,rdkit_descriptors,,,,1,0.682010701779624,0.017894294454799398,1,fixed candidate: xgboost + rdkit_descriptors
PHYSPROP,source_holdout_physprop_r2,fixed_xgboost_rdkit,source_holdout_physprop_r2_rdkit_descriptors_xgboost,xgboost,rdkit_descriptors,,,,1,0.6852985822330309,0.021186019486364005,1,fixed candidate: xgboost + rdkit_descriptors
PHYSPROP,source_holdout_physprop_r3,fixed_xgboost_rdkit,source_holdout_physprop_r3_rdkit_descriptors_xgboost,xgboost,rdkit_descriptors,,,,1,0.6778402711938357,0.010976433519839679,1,fixed candidate: xgboost + rdkit_descriptors
PHYSPROP,source_holdout_physprop_r4,fixed_xgboost_rdkit,source_holdout_physprop_r4_rdkit_descriptors_xgboost,xgboost,rdkit_descriptors,,,,1,0.6870131704083579,0.020144834640694276,1,fixed candidate: xgboost + rdkit_descriptors
PHYSPROP,source_holdout_physprop_r5,fixed_xgboost_rdkit,source_holdout_physprop_r5_rdkit_descriptors_xgboost,xgboost,rdkit_descriptors,,,,1,0.6887589181172007,0.024646234206135653,1,fixed candidate: xgboost + rdkit_descriptors
AQUA,source_holdout_aqua_r1,meta_bayesian_logistic_laplace,source_holdout_aqua_r1_rdkit_descriptors_xgboost,xgboost,rdkit_descriptors,0.7209383673370588,0.019782748713617293,0.999656959166305,1,0.6348692963074404,0.030160644476719067,1,highest out-of-source predicted top-three probability
AQUA,source_holdout_aqua_r2,meta_bayesian_logistic_laplace,source_holdout_aqua_r2_rdkit_descriptors_xgboost,xgboost,rdkit_descriptors,0.6841872282707951,0.012850207036404953,0.9995447184355324,1,0.6322802645010043,0.027580519260211322,1,highest out-of-source predicted top-three probability
AQUA,source_holdout_aqua_r3,meta_bayesian_logistic_laplace,source_holdout_aqua_r3_rdkit_descriptors_xgboost,xgboost,rdkit_descriptors,0.6677703012991782,0.011106653729747033,0.9994522942462933,1,0.6376469727691485,0.029963050510266265,1,highest out-of-source predicted top-three probability
AQUA,source_holdout_aqua_r4,meta_bayesian_logistic_laplace,source_holdout_aqua_r4_rdkit_descriptors_xgboost,xgboost,rdkit_descriptors,0.7151055653525193,0.018874897619896882,0.9996263226504166,1,0.6248397400205639,0.02015648318684271,1,highest out-of-source predicted top-three probability
AQUA,source_holdout_aqua_r5,meta_bayesian_logistic_laplace,source_holdout_aqua_r5_rdkit_descriptors_xgboost,xgboost,rdkit_descriptors,0.7093072095161059,0.01780487516475628,0.9996022543098656,1,0.6328328330101054,0.02814057433230821,1,highest out-of-source predicted top-three probability
AqSolDB,source_holdout_aqsoldb_r1,meta_bayesian_logistic_laplace,source_holdout_aqsoldb_r1_rdkit_descriptors_svr,svr,rdkit_descriptors,0.5695635858453113,9.511554407993436e-08,0.9999999962526014,0,1.4025308815708624,0.059247553832668665,1,highest out-of-source predicted top-three probability
AqSolDB,source_holdout_aqsoldb_r2,meta_bayesian_logistic_laplace,source_holdout_aqsoldb_r2_rdkit_descriptors_xgboost,xgboost,rdkit_descriptors,0.5853044462608952,1.340265655529637e-07,0.9999999975111307,1,1.3620101671988456,0.0,1,highest out-of-source predicted top-three probability
AqSolDB,source_holdout_aqsoldb_r3,meta_bayesian_logistic_laplace,source_holdout_aqsoldb_r3_rdkit_descriptors_xgboost,xgboost,rdkit_descriptors,0.5623197892391189,7.536262758681465e-08,0.9999999958708208,1,1.373508584142037,0.029777065205531583,1,highest out-of-source predicted top-three probability
AqSolDB,source_holdout_aqsoldb_r4,meta_bayesian_logistic_laplace,source_holdout_aqsoldb_r4_rdkit_descriptors_svr,svr,rdkit_descriptors,0.5409610664230611,4.7049591455167865e-08,0.9999999929628858,0,1.4025334551402777,0.04881063528285279,1,highest out-of-source predicted top-three probability
AqSolDB,source_holdout_aqsoldb_r5,meta_bayesian_logistic_laplace,source_holdout_aqsoldb_r5_rdkit_descriptors_xgboost,xgboost,rdkit_descriptors,0.605763049313797,2.2290615953130313e-07,0.9999999984421997,0,1.3767748370307065,0.02020300556505461,1,highest out-of-source predicted top-three probability
Delaney,source_holdout_delaney_r1,meta_bayesian_logistic_laplace,source_holdout_delaney_r1_rdkit_descriptors_xgboost,xgboost,rdkit_descriptors,0.8428769093126869,0.29717350168217543,0.996821012410649,1,0.6879641274101344,0.049162352575662815,1,highest out-of-source predicted top-three probability
Delaney,source_holdout_delaney_r2,meta_bayesian_logistic_laplace,source_holdout_delaney_r2_rdkit_descriptors_xgboost,xgboost,rdkit_descriptors,0.7438466167412969,0.15984380369997747,0.9909846014808542,1,0.7007940682198232,0.06649161204051612,1,highest out-of-source predicted top-three probability
Delaney,source_holdout_delaney_r3,meta_bayesian_logistic_laplace,source_holdout_delaney_r3_rdkit_descriptors_xgboost,xgboost,rdkit_descriptors,0.7833074453072387,0.20604810322181671,0.9934082469447157,1,0.6974204936444413,0.05860821446707565,1,highest out-of-source predicted top-three probability
Delaney,source_holdout_delaney_r4,meta_bayesian_logistic_laplace,source_holdout_delaney_r4_rdkit_descriptors_xgboost,xgboost,rdkit_descriptors,0.7484833652433222,0.16650218513939358,0.9910903140469511,1,0.6799748606660944,0.04114517011621166,1,highest out-of-source predicted top-three probability
Delaney,source_holdout_delaney_r5,meta_bayesian_logistic_laplace,source_holdout_delaney_r5_rdkit_descriptors_xgboost,xgboost,rdkit_descriptors,0.7494256423828676,0.16744287777196734,0.9911582955506738,1,0.6933673062148477,0.054565529225520826,1,highest out-of-source predicted top-three probability
OCHEM,source_holdout_ochem_r1,meta_bayesian_logistic_laplace,source_holdout_ochem_r1_rdkit_descriptors_xgboost,xgboost,rdkit_descriptors,0.5268027761261296,3.7408629689561915e-24,1.0,1,1.3616764021924037,0.0,1,highest out-of-source predicted top-three probability
OCHEM,source_holdout_ochem_r2,meta_bayesian_logistic_laplace,source_holdout_ochem_r2_rdkit_descriptors_xgboost,xgboost,rdkit_descriptors,0.5107494409489461,1.1943629796832304e-24,1.0,1,1.3635460066527618,0.0,1,highest out-of-source predicted top-three probability
OCHEM,source_holdout_ochem_r3,meta_bayesian_logistic_laplace,source_holdout_ochem_r3_rdkit_descriptors_xgboost,xgboost,rdkit_descriptors,0.5185256600425099,2.096377280250021e-24,1.0,1,1.3855093165938166,0.010883123096876224,1,highest out-of-source predicted top-three probability
OCHEM,source_holdout_ochem_r4,meta_bayesian_logistic_laplace,source_holdout_ochem_r4_rdkit_descriptors_xgboost,xgboost,rdkit_descriptors,0.5143539471134753,1.500578184447824e-24,1.0,1,1.3735051487275278,0.0,1,highest out-of-source predicted top-three probability
OCHEM,source_holdout_ochem_r5,meta_bayesian_logistic_laplace,source_holdout_ochem_r5_rdkit_descriptors_xgboost,xgboost,rdkit_descriptors,0.5264797503226512,3.695756259464105e-24,1.0,1,1.371593784802228,0.0,1,highest out-of-source predicted top-three probability
PHYSPROP,source_holdout_physprop_r1,meta_bayesian_logistic_laplace,source_holdout_physprop_r1_rdkit_descriptors_xgboost,xgboost,rdkit_descriptors,0.8109677614427082,0.2835090094485108,0.9926905418863122,1,0.682010701779624,0.017894294454799398,1,highest out-of-source predicted top-three probability
PHYSPROP,source_holdout_physprop_r2,meta_bayesian_logistic_laplace,source_holdout_physprop_r2_rdkit_descriptors_xgboost,xgboost,rdkit_descriptors,0.7833330282656369,0.24271456213802678,0.9903943148303904,1,0.6852985822330309,0.021186019486364005,1,highest out-of-source predicted top-three probability
PHYSPROP,source_holdout_physprop_r3,meta_bayesian_logistic_laplace,source_holdout_physprop_r3_rdkit_descriptors_xgboost,xgboost,rdkit_descriptors,0.7234125708132674,0.13983951003665024,0.9896789684185222,1,0.6778402711938357,0.010976433519839679,1,highest out-of-source predicted top-three probability
PHYSPROP,source_holdout_physprop_r4,meta_bayesian_logistic_laplace,source_holdout_physprop_r4_rdkit_descriptors_xgboost,xgboost,rdkit_descriptors,0.7307884203296818,0.14625258799324173,0.9902193830804018,1,0.6870131704083579,0.020144834640694276,1,highest out-of-source predicted top-three probability
PHYSPROP,source_holdout_physprop_r5,meta_bayesian_logistic_laplace,source_holdout_physprop_r5_rdkit_descriptors_xgboost,xgboost,rdkit_descriptors,0.8007165728841005,0.2684695871288271,0.9917950119519376,1,0.6887589181172007,0.024646234206135653,1,highest out-of-source predicted top-three probability
AQUA,source_holdout_aqua_r1,meta_hist_gradient_boosting,source_holdout_aqua_r1_rdkit_descriptors_svr,svr,rdkit_descriptors,0.9381226782054147,,,1,0.6047086518307213,0.0,1,highest out-of-source predicted top-three probability
AQUA,source_holdout_aqua_r2,meta_hist_gradient_boosting,source_holdout_aqua_r2_rdkit_descriptors_svr,svr,rdkit_descriptors,0.8952415793803562,,,1,0.604699745240793,0.0,1,highest out-of-source predicted top-three probability
AQUA,source_holdout_aqua_r3,meta_hist_gradient_boosting,source_holdout_aqua_r3_rdkit_descriptors_svr,svr,rdkit_descriptors,0.9465935827005191,,,1,0.6076839222588822,0.0,1,highest out-of-source predicted top-three probability
AQUA,source_holdout_aqua_r4,meta_hist_gradient_boosting,source_holdout_aqua_r4_rdkit_descriptors_svr,svr,rdkit_descriptors,0.9537782415607492,,,1,0.6046832568337211,0.0,1,highest out-of-source predicted top-three probability
AQUA,source_holdout_aqua_r5,meta_hist_gradient_boosting,source_holdout_aqua_r5_rdkit_descriptors_svr,svr,rdkit_descriptors,0.9105051222278114,,,1,0.6046922586777972,0.0,1,highest out-of-source predicted top-three probability
AqSolDB,source_holdout_aqsoldb_r1,meta_hist_gradient_boosting,source_holdout_aqsoldb_r1_rdkit_descriptors_xgboost,xgboost,rdkit_descriptors,0.7189052087966477,,,1,1.3513689407494056,0.008085613011211912,1,highest out-of-source predicted top-three probability
AqSolDB,source_holdout_aqsoldb_r2,meta_hist_gradient_boosting,source_holdout_aqsoldb_r2_rdkit_descriptors_hist_gradient_boosting,hist_gradient_boosting,rdkit_descriptors,0.004459884166356371,,,1,1.3663815706419338,0.004371403443088173,1,highest out-of-source predicted top-three probability
AqSolDB,source_holdout_aqsoldb_r3,meta_hist_gradient_boosting,source_holdout_aqsoldb_r3_rdkit_descriptors_hist_gradient_boosting,hist_gradient_boosting,rdkit_descriptors,0.004459884166356371,,,0,1.3763738159759558,0.03264229703945043,1,highest out-of-source predicted top-three probability
AqSolDB,source_holdout_aqsoldb_r4,meta_hist_gradient_boosting,source_holdout_aqsoldb_r4_rdkit_descriptors_xgboost,xgboost,rdkit_descriptors,0.0013667912445056508,,,1,1.353722819857425,0.0,1,highest out-of-source predicted top-three probability
AqSolDB,source_holdout_aqsoldb_r5,meta_hist_gradient_boosting,source_holdout_aqsoldb_r5_rdkit_descriptors_xgboost,xgboost,rdkit_descriptors,0.1006803635818736,,,0,1.3767748370307065,0.02020300556505461,1,highest out-of-source predicted top-three probability
Delaney,source_holdout_delaney_r1,meta_hist_gradient_boosting,source_holdout_delaney_r1_rdkit_descriptors_xgboost,xgboost,rdkit_descriptors,0.9914161790827116,,,1,0.6879641274101344,0.049162352575662815,1,highest out-of-source predicted top-three probability
Delaney,source_holdout_delaney_r2,meta_hist_gradient_boosting,source_holdout_delaney_r2_rdkit_descriptors_xgboost,xgboost,rdkit_descriptors,0.7491922559984129,,,1,0.7007940682198232,0.06649161204051612,1,highest out-of-source predicted top-three probability
Delaney,source_holdout_delaney_r3,meta_hist_gradient_boosting,source_holdout_delaney_r3_rdkit_descriptors_xgboost,xgboost,rdkit_descriptors,0.9915250779296171,,,1,0.6974204936444413,0.05860821446707565,1,highest out-of-source predicted top-three probability
Delaney,source_holdout_delaney_r4,meta_hist_gradient_boosting,source_holdout_delaney_r4_rdkit_descriptors_xgboost,xgboost,rdkit_descriptors,0.9416653832483951,,,1,0.6799748606660944,0.04114517011621166,1,highest out-of-source predicted top-three probability
Delaney,source_holdout_delaney_r5,meta_hist_gradient_boosting,source_holdout_delaney_r5_rdkit_descriptors_svr,svr,rdkit_descriptors,0.9930105302910395,,,1,0.6388017769893268,0.0,1,highest out-of-source predicted top-three probability
OCHEM,source_holdout_ochem_r1,meta_hist_gradient_boosting,source_holdout_ochem_r1_rdkit_descriptors_xgboost,xgboost,rdkit_descriptors,0.9277974532126139,,,1,1.3616764021924037,0.0,1,highest out-of-source predicted top-three probability
OCHEM,source_holdout_ochem_r2,meta_hist_gradient_boosting,source_holdout_ochem_r2_rdkit_descriptors_ngboost,ngboost,rdkit_descriptors,0.8374897028516122,,,0,1.4296439017892808,0.06609789513651898,1,highest out-of-source predicted top-three probability
OCHEM,source_holdout_ochem_r3,meta_hist_gradient_boosting,source_holdout_ochem_r3_rdkit_descriptors_xgboost,xgboost,rdkit_descriptors,0.9247409624385988,,,1,1.3855093165938166,0.010883123096876224,1,highest out-of-source predicted top-three probability
OCHEM,source_holdout_ochem_r4,meta_hist_gradient_boosting,source_holdout_ochem_r4_rdkit_descriptors_xgboost,xgboost,rdkit_descriptors,0.9186712449494611,,,1,1.3735051487275278,0.0,1,highest out-of-source predicted top-three probability
OCHEM,source_holdout_ochem_r5,meta_hist_gradient_boosting,source_holdout_ochem_r5_rdkit_descriptors_xgboost,xgboost,rdkit_descriptors,0.9328324404531401,,,1,1.371593784802228,0.0,1,highest out-of-source predicted top-three probability
PHYSPROP,source_holdout_physprop_r1,meta_hist_gradient_boosting,source_holdout_physprop_r1_rdkit_descriptors_xgboost,xgboost,rdkit_descriptors,0.9686665898669523,,,1,0.682010701779624,0.017894294454799398,1,highest out-of-source predicted top-three probability
PHYSPROP,source_holdout_physprop_r2,meta_hist_gradient_boosting,source_holdout_physprop_r2_rdkit_descriptors_xgboost,xgboost,rdkit_descriptors,0.9819940511343782,,,1,0.6852985822330309,0.021186019486364005,1,highest out-of-source predicted top-three probability
PHYSPROP,source_holdout_physprop_r3,meta_hist_gradient_boosting,source_holdout_physprop_r3_rdkit_descriptors_xgboost,xgboost,rdkit_descriptors,0.9949479876179571,,,1,0.6778402711938357,0.010976433519839679,1,highest out-of-source predicted top-three probability
PHYSPROP,source_holdout_physprop_r4,meta_hist_gradient_boosting,source_holdout_physprop_r4_rdkit_descriptors_xgboost,xgboost,rdkit_descriptors,0.994636442503037,,,1,0.6870131704083579,0.020144834640694276,1,highest out-of-source predicted top-three probability
PHYSPROP,source_holdout_physprop_r5,meta_hist_gradient_boosting,source_holdout_physprop_r5_rdkit_descriptors_xgboost,xgboost,rdkit_descriptors,0.9843834873524647,,,1,0.6887589181172007,0.024646234206135653,1,highest out-of-source predicted top-three probability
AQUA,source_holdout_aqua_r1,meta_logistic,source_holdout_aqua_r1_rdkit_descriptors_xgboost,xgboost,rdkit_descriptors,0.8846455005009598,,,1,0.6348692963074404,0.030160644476719067,1,highest out-of-source predicted top-three probability
AQUA,source_holdout_aqua_r2,meta_logistic,source_holdout_aqua_r2_rdkit_descriptors_xgboost,xgboost,rdkit_descriptors,0.8424190958805335,,,1,0.6322802645010043,0.027580519260211322,1,highest out-of-source predicted top-three probability
AQUA,source_holdout_aqua_r3,meta_logistic,source_holdout_aqua_r3_rdkit_descriptors_xgboost,xgboost,rdkit_descriptors,0.8190747210461753,,,1,0.6376469727691485,0.029963050510266265,1,highest out-of-source predicted top-three probability
AQUA,source_holdout_aqua_r4,meta_logistic,source_holdout_aqua_r4_rdkit_descriptors_xgboost,xgboost,rdkit_descriptors,0.8776582036070844,,,1,0.6248397400205639,0.02015648318684271,1,highest out-of-source predicted top-three probability
AQUA,source_holdout_aqua_r5,meta_logistic,source_holdout_aqua_r5_rdkit_descriptors_xgboost,xgboost,rdkit_descriptors,0.8709619657482255,,,1,0.6328328330101054,0.02814057433230821,1,highest out-of-source predicted top-three probability
AqSolDB,source_holdout_aqsoldb_r1,meta_logistic,source_holdout_aqsoldb_r1_rdkit_descriptors_svr,svr,rdkit_descriptors,0.8343830904914546,,,0,1.4025308815708624,0.059247553832668665,1,highest out-of-source predicted top-three probability
AqSolDB,source_holdout_aqsoldb_r2,meta_logistic,source_holdout_aqsoldb_r2_rdkit_descriptors_xgboost,xgboost,rdkit_descriptors,0.8800712256725569,,,1,1.3620101671988456,0.0,1,highest out-of-source predicted top-three probability
AqSolDB,source_holdout_aqsoldb_r3,meta_logistic,source_holdout_aqsoldb_r3_rdkit_descriptors_xgboost,xgboost,rdkit_descriptors,0.8103239438349833,,,1,1.373508584142037,0.029777065205531583,1,highest out-of-source predicted top-three probability
AqSolDB,source_holdout_aqsoldb_r4,meta_logistic,source_holdout_aqsoldb_r4_rdkit_descriptors_svr,svr,rdkit_descriptors,0.7211155858609066,,,0,1.4025334551402777,0.04881063528285279,1,highest out-of-source predicted top-three probability
AqSolDB,source_holdout_aqsoldb_r5,meta_logistic,source_holdout_aqsoldb_r5_rdkit_descriptors_xgboost,xgboost,rdkit_descriptors,0.9228516392631856,,,0,1.3767748370307065,0.02020300556505461,1,highest out-of-source predicted top-three probability
Delaney,source_holdout_delaney_r1,meta_logistic,source_holdout_delaney_r1_rdkit_descriptors_xgboost,xgboost,rdkit_descriptors,0.9200927041575259,,,1,0.6879641274101344,0.049162352575662815,1,highest out-of-source predicted top-three probability
Delaney,source_holdout_delaney_r2,meta_logistic,source_holdout_delaney_r2_rdkit_descriptors_xgboost,xgboost,rdkit_descriptors,0.8205660320558404,,,1,0.7007940682198232,0.06649161204051612,1,highest out-of-source predicted top-three probability
Delaney,source_holdout_delaney_r3,meta_logistic,source_holdout_delaney_r3_rdkit_descriptors_xgboost,xgboost,rdkit_descriptors,0.8621430405122991,,,1,0.6974204936444413,0.05860821446707565,1,highest out-of-source predicted top-three probability
Delaney,source_holdout_delaney_r4,meta_logistic,source_holdout_delaney_r4_rdkit_descriptors_xgboost,xgboost,rdkit_descriptors,0.8249891137189485,,,1,0.6799748606660944,0.04114517011621166,1,highest out-of-source predicted top-three probability
Delaney,source_holdout_delaney_r5,meta_logistic,source_holdout_delaney_r5_rdkit_descriptors_xgboost,xgboost,rdkit_descriptors,0.8260327714591531,,,1,0.6933673062148477,0.054565529225520826,1,highest out-of-source predicted top-three probability
OCHEM,source_holdout_ochem_r1,meta_logistic,source_holdout_ochem_r1_rdkit_descriptors_xgboost,xgboost,rdkit_descriptors,0.8721030513769171,,,1,1.3616764021924037,0.0,1,highest out-of-source predicted top-three probability
OCHEM,source_holdout_ochem_r2,meta_logistic,source_holdout_ochem_r2_rdkit_descriptors_xgboost,xgboost,rdkit_descriptors,0.683339517804282,,,1,1.3635460066527618,0.0,1,highest out-of-source predicted top-three probability
OCHEM,source_holdout_ochem_r3,meta_logistic,source_holdout_ochem_r3_rdkit_descriptors_xgboost,xgboost,rdkit_descriptors,0.7901518807650124,,,1,1.3855093165938166,0.010883123096876224,1,highest out-of-source predicted top-three probability
OCHEM,source_holdout_ochem_r4,meta_logistic,source_holdout_ochem_r4_rdkit_descriptors_xgboost,xgboost,rdkit_descriptors,0.7364809653033961,,,1,1.3735051487275278,0.0,1,highest out-of-source predicted top-three probability
OCHEM,source_holdout_ochem_r5,meta_logistic,source_holdout_ochem_r5_rdkit_descriptors_xgboost,xgboost,rdkit_descriptors,0.8694513211721308,,,1,1.371593784802228,0.0,1,highest out-of-source predicted top-three probability
PHYSPROP,source_holdout_physprop_r1,meta_logistic,source_holdout_physprop_r1_rdkit_descriptors_xgboost,xgboost,rdkit_descriptors,0.8799613309769633,,,1,0.682010701779624,0.017894294454799398,1,highest out-of-source predicted top-three probability
PHYSPROP,source_holdout_physprop_r2,meta_logistic,source_holdout_physprop_r2_rdkit_descriptors_xgboost,xgboost,rdkit_descriptors,0.8518199322208232,,,1,0.6852985822330309,0.021186019486364005,1,highest out-of-source predicted top-three probability
PHYSPROP,source_holdout_physprop_r3,meta_logistic,source_holdout_physprop_r3_rdkit_descriptors_xgboost,xgboost,rdkit_descriptors,0.7979106441099784,,,1,0.6778402711938357,0.010976433519839679,1,highest out-of-source predicted top-three probability
PHYSPROP,source_holdout_physprop_r4,meta_logistic,source_holdout_physprop_r4_rdkit_descriptors_xgboost,xgboost,rdkit_descriptors,0.8063728582747938,,,1,0.6870131704083579,0.020144834640694276,1,highest out-of-source predicted top-three probability
PHYSPROP,source_holdout_physprop_r5,meta_logistic,source_holdout_physprop_r5_rdkit_descriptors_xgboost,xgboost,rdkit_descriptors,0.8694593046495813,,,1,0.6887589181172007,0.024646234206135653,1,highest out-of-source predicted top-three probability
AQUA,source_holdout_aqua_r1,meta_random_forest,source_holdout_aqua_r1_rdkit_descriptors_xgboost,xgboost,rdkit_descriptors,0.7726874411085868,,,1,0.6348692963074404,0.030160644476719067,1,highest out-of-source predicted top-three probability
AQUA,source_holdout_aqua_r2,meta_random_forest,source_holdout_aqua_r2_rdkit_descriptors_svr,svr,rdkit_descriptors,0.6380981582204979,,,1,0.604699745240793,0.0,1,highest out-of-source predicted top-three probability
AQUA,source_holdout_aqua_r3,meta_random_forest,source_holdout_aqua_r3_rdkit_descriptors_xgboost,xgboost,rdkit_descriptors,0.612453535496518,,,1,0.6376469727691485,0.029963050510266265,1,highest out-of-source predicted top-three probability
AQUA,source_holdout_aqua_r4,meta_random_forest,source_holdout_aqua_r4_rdkit_descriptors_xgboost,xgboost,rdkit_descriptors,0.7724057672269129,,,1,0.6248397400205639,0.02015648318684271,1,highest out-of-source predicted top-three probability
AQUA,source_holdout_aqua_r5,meta_random_forest,source_holdout_aqua_r5_rdkit_descriptors_xgboost,xgboost,rdkit_descriptors,0.7752817324725376,,,1,0.6328328330101054,0.02814057433230821,1,highest out-of-source predicted top-three probability
AqSolDB,source_holdout_aqsoldb_r1,meta_random_forest,source_holdout_aqsoldb_r1_rdkit_descriptors_xgboost,xgboost,rdkit_descriptors,0.5179296877905479,,,1,1.3513689407494056,0.008085613011211912,1,highest out-of-source predicted top-three probability
AqSolDB,source_holdout_aqsoldb_r2,meta_random_forest,source_holdout_aqsoldb_r2_rdkit_descriptors_hist_gradient_boosting,hist_gradient_boosting,rdkit_descriptors,0.35112787974478227,,,1,1.3663815706419338,0.004371403443088173,1,highest out-of-source predicted top-three probability
AqSolDB,source_holdout_aqsoldb_r3,meta_random_forest,source_holdout_aqsoldb_r3_rdkit_descriptors_hist_gradient_boosting,hist_gradient_boosting,rdkit_descriptors,0.3670084639942925,,,0,1.3763738159759558,0.03264229703945043,1,highest out-of-source predicted top-three probability
AqSolDB,source_holdout_aqsoldb_r4,meta_random_forest,source_holdout_aqsoldb_r4_rdkit_descriptors_hist_gradient_boosting,hist_gradient_boosting,rdkit_descriptors,0.3573785907274626,,,0,1.38365349633136,0.029930676473935103,1,highest out-of-source predicted top-three probability
AqSolDB,source_holdout_aqsoldb_r5,meta_random_forest,source_holdout_aqsoldb_r5_rdkit_descriptors_hist_gradient_boosting,hist_gradient_boosting,rdkit_descriptors,0.3772466431365334,,,1,1.3738433955856628,0.017271564120010963,1,highest out-of-source predicted top-three probability
Delaney,source_holdout_delaney_r1,meta_random_forest,source_holdout_delaney_r1_rdkit_descriptors_xgboost,xgboost,rdkit_descriptors,0.8683174430980724,,,1,0.6879641274101344,0.049162352575662815,1,highest out-of-source predicted top-three probability
Delaney,source_holdout_delaney_r2,meta_random_forest,source_holdout_delaney_r2_rdkit_descriptors_xgboost,xgboost,rdkit_descriptors,0.7567798953685874,,,1,0.7007940682198232,0.06649161204051612,1,highest out-of-source predicted top-three probability
Delaney,source_holdout_delaney_r3,meta_random_forest,source_holdout_delaney_r3_rdkit_descriptors_xgboost,xgboost,rdkit_descriptors,0.869625673756303,,,1,0.6974204936444413,0.05860821446707565,1,highest out-of-source predicted top-three probability
Delaney,source_holdout_delaney_r4,meta_random_forest,source_holdout_delaney_r4_rdkit_descriptors_xgboost,xgboost,rdkit_descriptors,0.8009437268074834,,,1,0.6799748606660944,0.04114517011621166,1,highest out-of-source predicted top-three probability
Delaney,source_holdout_delaney_r5,meta_random_forest,source_holdout_delaney_r5_rdkit_descriptors_xgboost,xgboost,rdkit_descriptors,0.8048508269914411,,,1,0.6933673062148477,0.054565529225520826,1,highest out-of-source predicted top-three probability
OCHEM,source_holdout_ochem_r1,meta_random_forest,source_holdout_ochem_r1_rdkit_descriptors_xgboost,xgboost,rdkit_descriptors,0.7027251437076566,,,1,1.3616764021924037,0.0,1,highest out-of-source predicted top-three probability
OCHEM,source_holdout_ochem_r2,meta_random_forest,source_holdout_ochem_r2_rdkit_descriptors_hist_gradient_boosting,hist_gradient_boosting,rdkit_descriptors,0.40350461444807956,,,1,1.398087093957481,0.034541087304719165,1,highest out-of-source predicted top-three probability
OCHEM,source_holdout_ochem_r3,meta_random_forest,source_holdout_ochem_r3_rdkit_descriptors_hist_gradient_boosting,hist_gradient_boosting,rdkit_descriptors,0.5111613237655859,,,0,1.4208380283110098,0.04621183481406943,1,highest out-of-source predicted top-three probability
OCHEM,source_holdout_ochem_r4,meta_random_forest,source_holdout_ochem_r4_rdkit_descriptors_xgboost,xgboost,rdkit_descriptors,0.47365039128364317,,,1,1.3735051487275278,0.0,1,highest out-of-source predicted top-three probability
OCHEM,source_holdout_ochem_r5,meta_random_forest,source_holdout_ochem_r5_rdkit_descriptors_xgboost,xgboost,rdkit_descriptors,0.6996896402015007,,,1,1.371593784802228,0.0,1,highest out-of-source predicted top-three probability
PHYSPROP,source_holdout_physprop_r1,meta_random_forest,source_holdout_physprop_r1_rdkit_descriptors_xgboost,xgboost,rdkit_descriptors,0.8402538260747645,,,1,0.682010701779624,0.017894294454799398,1,highest out-of-source predicted top-three probability
PHYSPROP,source_holdout_physprop_r2,meta_random_forest,source_holdout_physprop_r2_rdkit_descriptors_xgboost,xgboost,rdkit_descriptors,0.8370730945211297,,,1,0.6852985822330309,0.021186019486364005,1,highest out-of-source predicted top-three probability
PHYSPROP,source_holdout_physprop_r3,meta_random_forest,source_holdout_physprop_r3_rdkit_descriptors_xgboost,xgboost,rdkit_descriptors,0.709976115319523,,,1,0.6778402711938357,0.010976433519839679,1,highest out-of-source predicted top-three probability
PHYSPROP,source_holdout_physprop_r4,meta_random_forest,source_holdout_physprop_r4_rdkit_descriptors_xgboost,xgboost,rdkit_descriptors,0.7122786092472759,,,1,0.6870131704083579,0.020144834640694276,1,highest out-of-source predicted top-three probability
PHYSPROP,source_holdout_physprop_r5,meta_random_forest,source_holdout_physprop_r5_rdkit_descriptors_xgboost,xgboost,rdkit_descriptors,0.8426256320465706,,,1,0.6887589181172007,0.024646234206135653,1,highest out-of-source predicted top-three probability
AQUA,source_holdout_aqua_r1,oracle,source_holdout_aqua_r1_rdkit_descriptors_svr,svr,rdkit_descriptors,,,,1,0.6047086518307213,0.0,1,unattainable lower bound using held-out test RMSE
AQUA,source_holdout_aqua_r2,oracle,source_holdout_aqua_r2_rdkit_descriptors_svr,svr,rdkit_descriptors,,,,1,0.604699745240793,0.0,1,unattainable lower bound using held-out test RMSE
AQUA,source_holdout_aqua_r3,oracle,source_holdout_aqua_r3_rdkit_descriptors_svr,svr,rdkit_descriptors,,,,1,0.6076839222588822,0.0,1,unattainable lower bound using held-out test RMSE
AQUA,source_holdout_aqua_r4,oracle,source_holdout_aqua_r4_rdkit_descriptors_svr,svr,rdkit_descriptors,,,,1,0.6046832568337211,0.0,1,unattainable lower bound using held-out test RMSE
AQUA,source_holdout_aqua_r5,oracle,source_holdout_aqua_r5_rdkit_descriptors_svr,svr,rdkit_descriptors,,,,1,0.6046922586777972,0.0,1,unattainable lower bound using held-out test RMSE
AqSolDB,source_holdout_aqsoldb_r1,oracle,source_holdout_aqsoldb_r1_rdkit_descriptors_hist_gradient_boosting,hist_gradient_boosting,rdkit_descriptors,,,,1,1.3432833277381937,0.0,1,unattainable lower bound using held-out test RMSE
AqSolDB,source_holdout_aqsoldb_r2,oracle,source_holdout_aqsoldb_r2_rdkit_descriptors_xgboost,xgboost,rdkit_descriptors,,,,1,1.3620101671988456,0.0,1,unattainable lower bound using held-out test RMSE
AqSolDB,source_holdout_aqsoldb_r3,oracle,source_holdout_aqsoldb_r3_rdkit_descriptors_ngboost,ngboost,rdkit_descriptors,,,,1,1.3437315189365053,0.0,1,unattainable lower bound using held-out test RMSE
AqSolDB,source_holdout_aqsoldb_r4,oracle,source_holdout_aqsoldb_r4_rdkit_descriptors_xgboost,xgboost,rdkit_descriptors,,,,1,1.353722819857425,0.0,1,unattainable lower bound using held-out test RMSE
AqSolDB,source_holdout_aqsoldb_r5,oracle,source_holdout_aqsoldb_r5_rdkit_descriptors_ngboost,ngboost,rdkit_descriptors,,,,1,1.3565718314656519,0.0,1,unattainable lower bound using held-out test RMSE
Delaney,source_holdout_delaney_r1,oracle,source_holdout_delaney_r1_rdkit_descriptors_svr,svr,rdkit_descriptors,,,,1,0.6388017748344715,0.0,1,unattainable lower bound using held-out test RMSE
Delaney,source_holdout_delaney_r2,oracle,source_holdout_delaney_r2_rdkit_descriptors_svr,svr,rdkit_descriptors,,,,1,0.634302456179307,0.0,1,unattainable lower bound using held-out test RMSE
Delaney,source_holdout_delaney_r3,oracle,source_holdout_delaney_r3_rdkit_descriptors_svr,svr,rdkit_descriptors,,,,1,0.6388122791773656,0.0,1,unattainable lower bound using held-out test RMSE
Delaney,source_holdout_delaney_r4,oracle,source_holdout_delaney_r4_rdkit_descriptors_svr,svr,rdkit_descriptors,,,,1,0.6388296905498827,0.0,1,unattainable lower bound using held-out test RMSE
Delaney,source_holdout_delaney_r5,oracle,source_holdout_delaney_r5_rdkit_descriptors_svr,svr,rdkit_descriptors,,,,1,0.6388017769893268,0.0,1,unattainable lower bound using held-out test RMSE
OCHEM,source_holdout_ochem_r1,oracle,source_holdout_ochem_r1_rdkit_descriptors_xgboost,xgboost,rdkit_descriptors,,,,1,1.3616764021924037,0.0,1,unattainable lower bound using held-out test RMSE
OCHEM,source_holdout_ochem_r2,oracle,source_holdout_ochem_r2_rdkit_descriptors_xgboost,xgboost,rdkit_descriptors,,,,1,1.3635460066527618,0.0,1,unattainable lower bound using held-out test RMSE
OCHEM,source_holdout_ochem_r3,oracle,source_holdout_ochem_r3_molecular_graph_chemprop,chemprop,molecular_graph,,,,1,1.3746261934969404,0.0,1,unattainable lower bound using held-out test RMSE
OCHEM,source_holdout_ochem_r4,oracle,source_holdout_ochem_r4_rdkit_descriptors_xgboost,xgboost,rdkit_descriptors,,,,1,1.3735051487275278,0.0,1,unattainable lower bound using held-out test RMSE
OCHEM,source_holdout_ochem_r5,oracle,source_holdout_ochem_r5_rdkit_descriptors_xgboost,xgboost,rdkit_descriptors,,,,1,1.371593784802228,0.0,1,unattainable lower bound using held-out test RMSE
PHYSPROP,source_holdout_physprop_r1,oracle,source_holdout_physprop_r1_rdkit_descriptors_svr,svr,rdkit_descriptors,,,,1,0.6641164073248246,0.0,1,unattainable lower bound using held-out test RMSE
PHYSPROP,source_holdout_physprop_r2,oracle,source_holdout_physprop_r2_rdkit_descriptors_svr,svr,rdkit_descriptors,,,,1,0.6641125627466669,0.0,1,unattainable lower bound using held-out test RMSE
PHYSPROP,source_holdout_physprop_r3,oracle,source_holdout_physprop_r3_rdkit_descriptors_svr,svr,rdkit_descriptors,,,,1,0.666863837673996,0.0,1,unattainable lower bound using held-out test RMSE
PHYSPROP,source_holdout_physprop_r4,oracle,source_holdout_physprop_r4_rdkit_descriptors_svr,svr,rdkit_descriptors,,,,1,0.6668683357676636,0.0,1,unattainable lower bound using held-out test RMSE
PHYSPROP,source_holdout_physprop_r5,oracle,source_holdout_physprop_r5_rdkit_descriptors_svr,svr,rdkit_descriptors,,,,1,0.664112683911065,0.0,1,unattainable lower bound using held-out test RMSE
AQUA,source_holdout_aqua_r1,training_source_best,source_holdout_aqua_r1_rdkit_descriptors_xgboost,xgboost,rdkit_descriptors,,,,1,0.6348692963074404,0.030160644476719067,1,best mean training-source candidate: xgboost + rdkit_descriptors
AQUA,source_holdout_aqua_r2,training_source_best,source_holdout_aqua_r2_rdkit_descriptors_xgboost,xgboost,rdkit_descriptors,,,,1,0.6322802645010043,0.027580519260211322,1,best mean training-source candidate: xgboost + rdkit_descriptors
AQUA,source_holdout_aqua_r3,training_source_best,source_holdout_aqua_r3_rdkit_descriptors_xgboost,xgboost,rdkit_descriptors,,,,1,0.6376469727691485,0.029963050510266265,1,best mean training-source candidate: xgboost + rdkit_descriptors
AQUA,source_holdout_aqua_r4,training_source_best,source_holdout_aqua_r4_rdkit_descriptors_xgboost,xgboost,rdkit_descriptors,,,,1,0.6248397400205639,0.02015648318684271,1,best mean training-source candidate: xgboost + rdkit_descriptors
AQUA,source_holdout_aqua_r5,training_source_best,source_holdout_aqua_r5_rdkit_descriptors_xgboost,xgboost,rdkit_descriptors,,,,1,0.6328328330101054,0.02814057433230821,1,best mean training-source candidate: xgboost + rdkit_descriptors
AqSolDB,source_holdout_aqsoldb_r1,training_source_best,source_holdout_aqsoldb_r1_rdkit_descriptors_svr,svr,rdkit_descriptors,,,,0,1.4025308815708624,0.059247553832668665,1,best mean training-source candidate: svr + rdkit_descriptors
AqSolDB,source_holdout_aqsoldb_r2,training_source_best,source_holdout_aqsoldb_r2_rdkit_descriptors_svr,svr,rdkit_descriptors,,,,0,1.3981785750156464,0.03616840781680075,1,best mean training-source candidate: svr + rdkit_descriptors
AqSolDB,source_holdout_aqsoldb_r3,training_source_best,source_holdout_aqsoldb_r3_rdkit_descriptors_svr,svr,rdkit_descriptors,,,,0,1.4025293019823057,0.05879778304580041,1,best mean training-source candidate: svr + rdkit_descriptors
AqSolDB,source_holdout_aqsoldb_r4,training_source_best,source_holdout_aqsoldb_r4_rdkit_descriptors_svr,svr,rdkit_descriptors,,,,0,1.4025334551402777,0.04881063528285279,1,best mean training-source candidate: svr + rdkit_descriptors
AqSolDB,source_holdout_aqsoldb_r5,training_source_best,source_holdout_aqsoldb_r5_rdkit_descriptors_svr,svr,rdkit_descriptors,,,,0,1.4025266754583325,0.04595484399268068,1,best mean training-source candidate: svr + rdkit_descriptors
Delaney,source_holdout_delaney_r1,training_source_best,source_holdout_delaney_r1_rdkit_descriptors_xgboost,xgboost,rdkit_descriptors,,,,1,0.6879641274101344,0.049162352575662815,1,best mean training-source candidate: xgboost + rdkit_descriptors
Delaney,source_holdout_delaney_r2,training_source_best,source_holdout_delaney_r2_rdkit_descriptors_xgboost,xgboost,rdkit_descriptors,,,,1,0.7007940682198232,0.06649161204051612,1,best mean training-source candidate: xgboost + rdkit_descriptors
Delaney,source_holdout_delaney_r3,training_source_best,source_holdout_delaney_r3_rdkit_descriptors_xgboost,xgboost,rdkit_descriptors,,,,1,0.6974204936444413,0.05860821446707565,1,best mean training-source candidate: xgboost + rdkit_descriptors
Delaney,source_holdout_delaney_r4,training_source_best,source_holdout_delaney_r4_rdkit_descriptors_xgboost,xgboost,rdkit_descriptors,,,,1,0.6799748606660944,0.04114517011621166,1,best mean training-source candidate: xgboost + rdkit_descriptors
Delaney,source_holdout_delaney_r5,training_source_best,source_holdout_delaney_r5_rdkit_descriptors_xgboost,xgboost,rdkit_descriptors,,,,1,0.6933673062148477,0.054565529225520826,1,best mean training-source candidate: xgboost + rdkit_descriptors
OCHEM,source_holdout_ochem_r1,training_source_best,source_holdout_ochem_r1_rdkit_descriptors_svr,svr,rdkit_descriptors,,,,0,1.4609556482074635,0.09927924601505977,1,best mean training-source candidate: svr + rdkit_descriptors
OCHEM,source_holdout_ochem_r2,training_source_best,source_holdout_ochem_r2_rdkit_descriptors_svr,svr,rdkit_descriptors,,,,0,1.4634073133518488,0.099861306699087,1,best mean training-source candidate: svr + rdkit_descriptors
OCHEM,source_holdout_ochem_r3,training_source_best,source_holdout_ochem_r3_rdkit_descriptors_svr,svr,rdkit_descriptors,,,,0,1.4609562977992365,0.08633010430229615,1,best mean training-source candidate: svr + rdkit_descriptors
OCHEM,source_holdout_ochem_r4,training_source_best,source_holdout_ochem_r4_rdkit_descriptors_svr,svr,rdkit_descriptors,,,,0,1.4634044914040278,0.08989934267650002,1,best mean training-source candidate: svr + rdkit_descriptors
OCHEM,source_holdout_ochem_r5,training_source_best,source_holdout_ochem_r5_rdkit_descriptors_svr,svr,rdkit_descriptors,,,,0,1.4634073133518466,0.09181352854961866,1,best mean training-source candidate: svr + rdkit_descriptors
PHYSPROP,source_holdout_physprop_r1,training_source_best,source_holdout_physprop_r1_rdkit_descriptors_xgboost,xgboost,rdkit_descriptors,,,,1,0.682010701779624,0.017894294454799398,1,best mean training-source candidate: xgboost + rdkit_descriptors
PHYSPROP,source_holdout_physprop_r2,training_source_best,source_holdout_physprop_r2_rdkit_descriptors_xgboost,xgboost,rdkit_descriptors,,,,1,0.6852985822330309,0.021186019486364005,1,best mean training-source candidate: xgboost + rdkit_descriptors
PHYSPROP,source_holdout_physprop_r3,training_source_best,source_holdout_physprop_r3_rdkit_descriptors_xgboost,xgboost,rdkit_descriptors,,,,1,0.6778402711938357,0.010976433519839679,1,best mean training-source candidate: xgboost + rdkit_descriptors
PHYSPROP,source_holdout_physprop_r4,training_source_best,source_holdout_physprop_r4_rdkit_descriptors_xgboost,xgboost,rdkit_descriptors,,,,1,0.6870131704083579,0.020144834640694276,1,best mean training-source candidate: xgboost + rdkit_descriptors
PHYSPROP,source_holdout_physprop_r5,training_source_best,source_holdout_physprop_r5_rdkit_descriptors_xgboost,xgboost,rdkit_descriptors,,,,1,0.6887589181172007,0.024646234206135653,1,best mean training-source candidate: xgboost + rdkit_descriptors
AQUA,source_holdout_aqua_r1,validation_rmse,source_holdout_aqua_r1_rdkit_descriptors_xgboost,xgboost,rdkit_descriptors,,,,1,0.6348692963074404,0.030160644476719067,1,lowest validation RMSE within the unseen task
AQUA,source_holdout_aqua_r2,validation_rmse,source_holdout_aqua_r2_rdkit_descriptors_xgboost,xgboost,rdkit_descriptors,,,,1,0.6322802645010043,0.027580519260211322,1,lowest validation RMSE within the unseen task
AQUA,source_holdout_aqua_r3,validation_rmse,source_holdout_aqua_r3_molecular_graph_chemprop,chemprop,molecular_graph,,,,0,0.6734020368365776,0.06571811457769539,1,lowest validation RMSE within the unseen task
AQUA,source_holdout_aqua_r4,validation_rmse,source_holdout_aqua_r4_rdkit_descriptors_xgboost,xgboost,rdkit_descriptors,,,,1,0.6248397400205639,0.02015648318684271,1,lowest validation RMSE within the unseen task
AQUA,source_holdout_aqua_r5,validation_rmse,source_holdout_aqua_r5_rdkit_descriptors_xgboost,xgboost,rdkit_descriptors,,,,1,0.6328328330101054,0.02814057433230821,1,lowest validation RMSE within the unseen task
AqSolDB,source_holdout_aqsoldb_r1,validation_rmse,source_holdout_aqsoldb_r1_rdkit_descriptors_ngboost,ngboost,rdkit_descriptors,,,,1,1.3448840522594632,0.0016007245212694698,1,lowest validation RMSE within the unseen task
AqSolDB,source_holdout_aqsoldb_r2,validation_rmse,source_holdout_aqsoldb_r2_rdkit_descriptors_xgboost,xgboost,rdkit_descriptors,,,,1,1.3620101671988456,0.0,1,lowest validation RMSE within the unseen task
AqSolDB,source_holdout_aqsoldb_r3,validation_rmse,source_holdout_aqsoldb_r3_rdkit_descriptors_xgboost,xgboost,rdkit_descriptors,,,,1,1.373508584142037,0.029777065205531583,1,lowest validation RMSE within the unseen task
AqSolDB,source_holdout_aqsoldb_r4,validation_rmse,source_holdout_aqsoldb_r4_rdkit_descriptors_xgboost,xgboost,rdkit_descriptors,,,,1,1.353722819857425,0.0,1,lowest validation RMSE within the unseen task
AqSolDB,source_holdout_aqsoldb_r5,validation_rmse,source_holdout_aqsoldb_r5_rdkit_descriptors_xgboost,xgboost,rdkit_descriptors,,,,0,1.3767748370307065,0.02020300556505461,1,lowest validation RMSE within the unseen task
Delaney,source_holdout_delaney_r1,validation_rmse,source_holdout_delaney_r1_rdkit_descriptors_xgboost,xgboost,rdkit_descriptors,,,,1,0.6879641274101344,0.049162352575662815,1,lowest validation RMSE within the unseen task
Delaney,source_holdout_delaney_r2,validation_rmse,source_holdout_delaney_r2_rdkit_descriptors_xgboost,xgboost,rdkit_descriptors,,,,1,0.7007940682198232,0.06649161204051612,1,lowest validation RMSE within the unseen task
Delaney,source_holdout_delaney_r3,validation_rmse,source_holdout_delaney_r3_molecular_graph_chemprop,chemprop,molecular_graph,,,,1,0.7051122268138826,0.06629994763651703,1,lowest validation RMSE within the unseen task
Delaney,source_holdout_delaney_r4,validation_rmse,source_holdout_delaney_r4_rdkit_descriptors_xgboost,xgboost,rdkit_descriptors,,,,1,0.6799748606660944,0.04114517011621166,1,lowest validation RMSE within the unseen task
Delaney,source_holdout_delaney_r5,validation_rmse,source_holdout_delaney_r5_rdkit_descriptors_xgboost,xgboost,rdkit_descriptors,,,,1,0.6933673062148477,0.054565529225520826,1,lowest validation RMSE within the unseen task
OCHEM,source_holdout_ochem_r1,validation_rmse,source_holdout_ochem_r1_rdkit_descriptors_xgboost,xgboost,rdkit_descriptors,,,,1,1.3616764021924037,0.0,1,lowest validation RMSE within the unseen task
OCHEM,source_holdout_ochem_r2,validation_rmse,source_holdout_ochem_r2_molecular_graph_chemprop,chemprop,molecular_graph,,,,1,1.3949408868911988,0.03139488023843695,1,lowest validation RMSE within the unseen task
OCHEM,source_holdout_ochem_r3,validation_rmse,source_holdout_ochem_r3_rdkit_descriptors_svr,svr,rdkit_descriptors,,,,0,1.4609562977992365,0.08633010430229615,1,lowest validation RMSE within the unseen task
OCHEM,source_holdout_ochem_r4,validation_rmse,source_holdout_ochem_r4_molecular_graph_chemprop,chemprop,molecular_graph,,,,0,1.4115834337837514,0.03807828505622357,1,lowest validation RMSE within the unseen task
OCHEM,source_holdout_ochem_r5,validation_rmse,source_holdout_ochem_r5_molecular_graph_chemprop,chemprop,molecular_graph,,,,1,1.4048218435240136,0.03322805872178569,1,lowest validation RMSE within the unseen task
PHYSPROP,source_holdout_physprop_r1,validation_rmse,source_holdout_physprop_r1_rdkit_descriptors_xgboost,xgboost,rdkit_descriptors,,,,1,0.682010701779624,0.017894294454799398,1,lowest validation RMSE within the unseen task
PHYSPROP,source_holdout_physprop_r2,validation_rmse,source_holdout_physprop_r2_rdkit_descriptors_xgboost,xgboost,rdkit_descriptors,,,,1,0.6852985822330309,0.021186019486364005,1,lowest validation RMSE within the unseen task
PHYSPROP,source_holdout_physprop_r3,validation_rmse,source_holdout_physprop_r3_rdkit_descriptors_hist_gradient_boosting,hist_gradient_boosting,rdkit_descriptors,,,,1,0.705026744736356,0.03816290706235992,1,lowest validation RMSE within the unseen task
PHYSPROP,source_holdout_physprop_r4,validation_rmse,source_holdout_physprop_r4_molecular_graph_chemprop,chemprop,molecular_graph,,,,1,0.7039119095090444,0.037043573741380786,1,lowest validation RMSE within the unseen task
PHYSPROP,source_holdout_physprop_r5,validation_rmse,source_holdout_physprop_r5_rdkit_descriptors_xgboost,xgboost,rdkit_descriptors,,,,1,0.6887589181172007,0.024646234206135653,1,lowest validation RMSE within the unseen task
