outer_heldout_source,selector,tasks,mean_selected_test_rmse,mean_rmse_regret,median_rmse_regret,top3_selection_rate,within_0p1_of_best_rate
AQUA,fixed_svr_rdkit,5,0.605293566968383,0.0,0.0,1.0,1.0
AQUA,meta_hist_gradient_boosting,5,0.605293566968383,0.0,0.0,1.0,1.0
AQUA,oracle,5,0.605293566968383,0.0,0.0,1.0,1.0
AQUA,meta_random_forest,5,0.6269777174696102,0.02168415050122725,0.02814057433230821,1.0,1.0
AQUA,fixed_xgboost_rdkit,5,0.6324938213216524,0.027200254353269514,0.02814057433230821,1.0,1.0
AQUA,meta_bayesian_logistic_laplace,5,0.6324938213216524,0.027200254353269514,0.02814057433230821,1.0,1.0
AQUA,meta_logistic,5,0.6324938213216524,0.027200254353269514,0.02814057433230821,1.0,1.0
AQUA,training_source_best,5,0.6324938213216524,0.027200254353269514,0.02814057433230821,1.0,1.0
AQUA,validation_rmse,5,0.6396448341351383,0.03435126716675534,0.02814057433230821,0.8,1.0
AQUA,fixed_random_forest_rdkit,5,0.670227999172649,0.06493443220426594,0.06569155542247773,0.4,1.0
AQUA,fixed_chemprop_graph,5,0.6840575720012593,0.07876400503287632,0.0774387866639128,0.0,1.0
AqSolDB,oracle,5,1.3518639330393243,0.0,0.0,1.0,1.0
AqSolDB,fixed_random_forest_rdkit,5,1.3601101361355385,0.008246203096214488,0.00805888741644667,0.6,1.0
AqSolDB,validation_rmse,5,1.3621800920976954,0.010316159058371133,0.0016007245212694698,0.8,1.0
AqSolDB,fixed_xgboost_rdkit,5,1.363477069795684,0.01161313675635962,0.008085613011211912,0.8,1.0
AqSolDB,meta_hist_gradient_boosting,5,1.3649243968510851,0.013060463811761024,0.008085613011211912,0.6,1.0
AqSolDB,meta_random_forest,5,1.3703242438568635,0.018460310817539315,0.017271564120010963,0.6,1.0
AqSolDB,meta_bayesian_logistic_laplace,5,1.3834715850165458,0.031607651977221526,0.029777065205531583,0.4,1.0
AqSolDB,meta_logistic,5,1.3834715850165458,0.031607651977221526,0.029777065205531583,0.4,1.0
AqSolDB,fixed_svr_rdkit,5,1.4016597778334847,0.04979584479416066,0.04881063528285279,0.0,1.0
AqSolDB,training_source_best,5,1.4016597778334847,0.04979584479416066,0.04881063528285279,0.0,1.0
AqSolDB,fixed_chemprop_graph,5,1.5096608967206904,0.15779696368136623,0.1575837138601286,0.0,0.0
Delaney,fixed_svr_rdkit,5,0.6379095955460707,0.0,0.0,1.0,1.0
Delaney,oracle,5,0.6379095955460707,0.0,0.0,1.0,1.0
Delaney,meta_hist_gradient_boosting,5,0.6809910653859641,0.04308146983989325,0.049162352575662815,1.0,1.0
Delaney,fixed_xgboost_rdkit,5,0.6919041712310682,0.053994575684997416,0.054565529225520826,1.0,1.0
Delaney,meta_bayesian_logistic_laplace,5,0.6919041712310682,0.053994575684997416,0.054565529225520826,1.0,1.0
Delaney,meta_logistic,5,0.6919041712310682,0.053994575684997416,0.054565529225520826,1.0,1.0
Delaney,meta_random_forest,5,0.6919041712310682,0.053994575684997416,0.054565529225520826,1.0,1.0
Delaney,training_source_best,5,0.6919041712310682,0.053994575684997416,0.054565529225520826,1.0,1.0
Delaney,validation_rmse,5,0.6934425178649565,0.055532922318885694,0.054565529225520826,1.0,1.0
Delaney,fixed_chemprop_graph,5,0.7161810021890507,0.07827140664298,0.07701365340290323,0.4,0.8
Delaney,fixed_random_forest_rdkit,5,0.7554145206031972,0.11750492505712655,0.11741036548054751,0.0,0.0
OCHEM,oracle,5,1.3689895071743723,0.0,0.0,1.0,1.0
OCHEM,fixed_xgboost_rdkit,5,1.3711661317937476,0.002176624619375245,0.0,1.0,1.0
OCHEM,meta_bayesian_logistic_laplace,5,1.3711661317937476,0.002176624619375245,0.0,1.0,1.0
OCHEM,meta_logistic,5,1.3711661317937476,0.002176624619375245,0.0,1.0,1.0
OCHEM,meta_hist_gradient_boosting,5,1.3843857108210513,0.01539620364667904,0.0,0.8,1.0
OCHEM,meta_random_forest,5,1.3851400915981302,0.01615058442375772,0.0,0.8,1.0
OCHEM,fixed_chemprop_graph,5,1.4012497232463432,0.03226021607197094,0.03322805872178569,0.6,1.0
OCHEM,validation_rmse,5,1.4067957728381209,0.03780626566374847,0.03322805872178569,0.6,1.0
OCHEM,fixed_random_forest_rdkit,5,1.4232233064621873,0.05423379928781502,0.05448637823541036,0.2,1.0
OCHEM,fixed_svr_rdkit,5,1.4624262128228849,0.09343670564851232,0.09181352854961866,0.0,1.0
OCHEM,training_source_best,5,1.4624262128228849,0.09343670564851232,0.09181352854961866,0.0,1.0
PHYSPROP,fixed_svr_rdkit,5,0.6652147654848432,0.0,0.0,1.0,1.0
PHYSPROP,oracle,5,0.6652147654848432,0.0,0.0,1.0,1.0
PHYSPROP,fixed_xgboost_rdkit,5,0.6841843287464098,0.018969563261566603,0.020144834640694276,1.0,1.0
PHYSPROP,meta_bayesian_logistic_laplace,5,0.6841843287464098,0.018969563261566603,0.020144834640694276,1.0,1.0
PHYSPROP,meta_hist_gradient_boosting,5,0.6841843287464098,0.018969563261566603,0.020144834640694276,1.0,1.0
PHYSPROP,meta_logistic,5,0.6841843287464098,0.018969563261566603,0.020144834640694276,1.0,1.0
PHYSPROP,meta_random_forest,5,0.6841843287464098,0.018969563261566603,0.020144834640694276,1.0,1.0
PHYSPROP,training_source_best,5,0.6841843287464098,0.018969563261566603,0.020144834640694276,1.0,1.0
PHYSPROP,validation_rmse,5,0.6930013712750511,0.027786605790207954,0.024646234206135653,1.0,1.0
PHYSPROP,fixed_chemprop_graph,5,0.7124280430140729,0.0472132775292297,0.037043573741380786,0.4,1.0
PHYSPROP,fixed_random_forest_rdkit,5,0.7574774024548295,0.09226263696998631,0.09381551532078014,0.0,1.0
