selector,tasks,mean_selected_test_rmse,mean_rmse_regret,median_rmse_regret,top3_selection_rate,within_0p1_of_best_rate
oracle,25,0.9258542736425988,0.0,0.0,1.0,1.0
meta_hist_gradient_boosting,25,0.9439558137545787,0.018101540111979984,0.010883123096876224,0.88,1.0
fixed_xgboost_rdkit,25,0.9486451045777125,0.02279083093511368,0.02020300556505461,0.96,1.0
meta_random_forest,25,0.9517061105804163,0.02585183693781766,0.024646234206135653,0.88,1.0
meta_bayesian_logistic_laplace,25,0.9526440076218848,0.02678973397928606,0.024646234206135653,0.88,1.0
meta_logistic,25,0.9526440076218848,0.02678973397928606,0.024646234206135653,0.88,1.0
fixed_svr_rdkit,25,0.9545007837311331,0.028646510088534596,0.0,0.6,1.0
validation_rmse,25,0.9590129176421925,0.033158643999593715,0.030160644476719067,0.84,1.0
training_source_best,25,0.9745336623911001,0.04867938874850131,0.04595484399268068,0.6,1.0
fixed_random_forest_rdkit,25,0.9932906729656803,0.06743639932308165,0.06569155542247773,0.24,0.8
fixed_chemprop_graph,25,1.0047154474342832,0.07886117379168464,0.06629994763651703,0.28,0.76
