run_id,model,feature_type,split_strategy,repeat,seed,n_train,n_validation,n_final_fit,n_test,features_before_preprocessing,features_after_preprocessing,best_parameters,validation_rmse,validation_mae,validation_r2,validation_spearman,test_rmse,test_mae,test_r2,test_spearman,tuning_seconds,final_fit_seconds,test_predict_seconds
random_r1_rdkit_descriptors_dummy,dummy,rdkit_descriptors,random,1,13,7175,897,8072,897,216,216,"{""strategy"": ""mean""}",2.392461788843522,1.932511287702266,-8.166725678382392e-06,,2.3953845186797813,1.9381789456587297,-1.2276452179937891e-05,,0.018164750188589096,0.0005693747662007809,0.00012354087084531784
random_r1_rdkit_descriptors_ridge,ridge,rdkit_descriptors,random,1,13,7175,897,8072,897,216,214,"{""alpha"": 1.0}",1.3948091623408827,1.0205772744119703,0.6601063042572426,0.8099498171100823,1.4660341949153985,1.039951348615054,0.625421319668846,0.8035974973144668,0.9676862088963389,0.2985887499526143,0.004001167137175798
random_r1_rdkit_descriptors_random_forest,random_forest,rdkit_descriptors,random,1,13,7175,897,8072,897,216,214,"{""max_features"": ""sqrt"", ""min_samples_leaf"": 1, ""n_estimators"": 100}",1.2589399136281787,0.8497627391001858,0.7230996327163332,0.847803478109146,1.2529386221897862,0.8214743205072412,0.7264010362517439,0.8516200879534157,3.1388564156368375,1.2314904173836112,0.030191707890480757
random_r1_rdkit_descriptors_extra_trees,extra_trees,rdkit_descriptors,random,1,13,7175,897,8072,897,216,214,"{""max_features"": ""sqrt"", ""min_samples_leaf"": 1, ""n_estimators"": 100}",1.271096363707194,0.8292921074084203,0.7177262590106982,0.8565733885790486,1.2815368059697203,0.8203386983769146,0.7137687664568042,0.8504367822900097,1.9010758339427412,0.8967272499576211,0.02782804099842906
random_r2_rdkit_descriptors_dummy,dummy,rdkit_descriptors,random,2,37,7175,897,8072,897,216,216,"{""strategy"": ""mean""}",2.4713249094825653,1.9675743148920286,-0.00010570562191203337,,2.3673981996317988,1.9201441727174218,-0.00012660024676058867,,0.003515416756272316,0.0009347503073513508,0.00029079196974635124
random_r2_rdkit_descriptors_ridge,ridge,rdkit_descriptors,random,2,37,7175,897,8072,897,216,214,"{""alpha"": 100.0}",1.4724898956670491,1.0377442741895633,0.644948903419067,0.8052130273700417,1.4553643187563676,1.0625500097905465,0.6220313334476568,0.8037058893422926,0.8373381248675287,0.18383595813065767,0.0037283748388290405
random_r2_rdkit_descriptors_random_forest,random_forest,rdkit_descriptors,random,2,37,7175,897,8072,897,216,214,"{""max_features"": ""sqrt"", ""min_samples_leaf"": 1, ""n_estimators"": 100}",1.2748262833070183,0.8198811476385043,0.7338734344276205,0.855846901425216,1.2712843575373243,0.843998697559532,0.7115983379795305,0.8496459936675144,2.8155316249467432,1.2432204578071833,0.03020995808765292
random_r2_rdkit_descriptors_extra_trees,extra_trees,rdkit_descriptors,random,2,37,7175,897,8072,897,216,214,"{""max_features"": ""sqrt"", ""min_samples_leaf"": 1, ""n_estimators"": 100}",1.2831762176447365,0.813753927695727,0.7303758336507415,0.8553045265776924,1.2905256235239153,0.8327339973872562,0.7028021822648105,0.8480776578970453,1.9356802082620561,1.0070267082192004,0.030198083259165287
random_r3_rdkit_descriptors_dummy,dummy,rdkit_descriptors,random,3,73,7175,897,8072,897,216,216,"{""strategy"": ""mean""}",2.441552100359162,1.9543555586053691,-1.7340252769670883e-05,,2.377822527730168,1.9263210950137037,-3.1109984068855567e-06,,0.0035408339463174343,0.0007139998488128185,0.00012637488543987274
random_r3_rdkit_descriptors_ridge,ridge,rdkit_descriptors,random,3,73,7175,897,8072,897,216,214,"{""alpha"": 0.1}",1.45803277842152,1.0411147154310003,0.6433763722188741,0.8127347282719131,1.3283840080986007,0.9837418649660606,0.6879028852006266,0.8369634110564605,0.8484020419418812,0.2988218339160085,0.004082625266164541
random_r3_rdkit_descriptors_random_forest,random_forest,rdkit_descriptors,random,3,73,7175,897,8072,897,216,214,"{""max_features"": ""sqrt"", ""min_samples_leaf"": 3, ""n_estimators"": 100}",1.2786912886827062,0.8461808724617955,0.7257119093169654,0.8506599258453666,1.1228014644399247,0.7869526418541468,0.7770289816720628,0.8843514031038859,2.990757250227034,0.9929384170100093,0.01769537478685379
random_r3_rdkit_descriptors_extra_trees,extra_trees,rdkit_descriptors,random,3,73,7175,897,8072,897,216,214,"{""max_features"": ""sqrt"", ""min_samples_leaf"": 3, ""n_estimators"": 100}",1.2742448989775272,0.856706846119142,0.727616155184492,0.8535905485502987,1.1552651553335043,0.8078994038288867,0.763949010359575,0.8795453549571312,2.1572807915508747,0.48348087538033724,0.03028491698205471
random_r4_rdkit_descriptors_dummy,dummy,rdkit_descriptors,random,4,101,7175,897,8072,897,216,216,"{""strategy"": ""mean""}",2.3563250793838955,1.9186703041518431,-0.00017593972676199776,,2.3855494591999262,1.9311456508818567,-4.235184609013842e-06,,0.005326124839484692,0.0010880418121814728,0.00022783316671848297
random_r4_rdkit_descriptors_ridge,ridge,rdkit_descriptors,random,4,101,7175,897,8072,897,216,214,"{""alpha"": 10.0}",1.3890457098073008,1.000744922339307,0.652432574889059,0.8288717084671844,1.4892288630034536,1.054291588478451,0.6102843210699267,0.7818143527738197,0.8471857090480626,0.2120170001871884,0.003928292077034712
random_r4_rdkit_descriptors_random_forest,random_forest,rdkit_descriptors,random,4,101,7175,897,8072,897,216,214,"{""max_features"": ""log2"", ""min_samples_leaf"": 1, ""n_estimators"": 100}",1.180905066831064,0.8009841732371243,0.7487905552291718,0.8725614308414527,1.2759717455117587,0.8353453750968024,0.7139070839257364,0.8281208510635799,2.8167872498743236,1.1823960421606898,0.028854624833911657
random_r4_rdkit_descriptors_extra_trees,extra_trees,rdkit_descriptors,random,4,101,7175,897,8072,897,216,214,"{""max_features"": ""sqrt"", ""min_samples_leaf"": 1, ""n_estimators"": 100}",1.1881062359224062,0.7778595671188607,0.7457174591879956,0.8730509237483837,1.2648856642745372,0.7941996667455079,0.7188568347807296,0.8371879394787998,1.860248708166182,1.0664266250096262,0.031002124771475792
random_r5_rdkit_descriptors_dummy,dummy,rdkit_descriptors,random,5,137,7175,897,8072,897,216,216,"{""strategy"": ""mean""}",2.4144433187978214,1.944641548402107,-8.640718369035127e-06,,2.369959713182139,1.9283290390318608,-3.518034341754017e-05,,0.002470499835908413,0.0008372501470148563,0.00016725016757845879
random_r5_rdkit_descriptors_ridge,ridge,rdkit_descriptors,random,5,137,7175,897,8072,897,216,213,"{""alpha"": 0.1}",1.4324555387826938,1.0277134254141769,0.648008621824554,0.818773586445396,1.3720393836983276,1.0024949705532213,0.6648289446677815,0.8264129474933759,0.8333173752762377,0.305227791890502,0.0037056664004921913
random_r5_rdkit_descriptors_random_forest,random_forest,rdkit_descriptors,random,5,137,7175,897,8072,897,216,213,"{""max_features"": ""sqrt"", ""min_samples_leaf"": 1, ""n_estimators"": 100}",1.1957293453932833,0.8026281331787826,0.7547350442133606,0.8728323883006762,1.1810488705332414,0.7778975142908907,0.7516471840783269,0.8739025947073737,2.780640416778624,1.4800825836136937,0.030468250159174204
random_r5_rdkit_descriptors_extra_trees,extra_trees,rdkit_descriptors,random,5,137,7175,897,8072,897,216,213,"{""max_features"": ""sqrt"", ""min_samples_leaf"": 1, ""n_estimators"": 100}",1.2046949246371919,0.7782648040396418,0.7510432618865807,0.8734780389378527,1.205424703755755,0.7645019151327026,0.7412898150350765,0.8743331249229707,1.9823824157938361,1.0737229576334357,0.02797533292323351
scaffold_r1_rdkit_descriptors_dummy,dummy,rdkit_descriptors,scaffold,1,13,7175,897,8072,897,216,216,"{""strategy"": ""mean""}",2.3773679715397247,1.939305797775586,-0.005797002919791572,,2.8842019620674564,2.3605541704259774,-0.011830782964227904,,0.0037645408883690834,0.0009004166349768639,0.00012370804324746132
scaffold_r1_rdkit_descriptors_ridge,ridge,rdkit_descriptors,scaffold,1,13,7175,897,8072,897,216,214,"{""alpha"": 0.1}",1.4851565992468942,1.0891394686114606,0.6074797914839432,0.8142768179386841,1.4817843431155566,1.0797523526496222,0.7329291091017318,0.8535745959373704,0.8504925412125885,0.3243170827627182,0.003693459089845419
scaffold_r1_rdkit_descriptors_random_forest,random_forest,rdkit_descriptors,scaffold,1,13,7175,897,8072,897,216,214,"{""max_features"": ""sqrt"", ""min_samples_leaf"": 3, ""n_estimators"": 100}",1.3181488176390435,0.927559967312142,0.6907950690792508,0.8500367757587147,1.2865393346364709,0.8857439631552485,0.7986726905457082,0.882863097034172,2.7744121248833835,0.909497749991715,0.02949258266016841
scaffold_r1_rdkit_descriptors_extra_trees,extra_trees,rdkit_descriptors,scaffold,1,13,7175,897,8072,897,216,214,"{""max_features"": ""sqrt"", ""min_samples_leaf"": 3, ""n_estimators"": 100}",1.3460504756369822,0.9572971417993762,0.6775664581938079,0.84747089268819,1.3285518068282296,0.9232915212189609,0.7853091474207831,0.8799629709113783,1.8251448748633265,0.4861019169911742,0.028913832735270262
scaffold_r2_rdkit_descriptors_dummy,dummy,rdkit_descriptors,scaffold,2,37,7175,897,8072,897,216,216,"{""strategy"": ""mean""}",2.431192779633179,1.9693809982874215,-0.012115402270964637,,2.8445671661545573,2.297253062636462,-0.015499964959079682,,0.00489387521520257,0.0007005408406257629,0.00021350011229515076
scaffold_r2_rdkit_descriptors_ridge,ridge,rdkit_descriptors,scaffold,2,37,7175,897,8072,897,216,214,"{""alpha"": 0.1}",1.469933773993016,1.103134885405595,0.6300127343533386,0.7980823762077591,1.5049026041272613,1.0636593763187168,0.7157736653212234,0.8499067288118761,0.8004317921586335,0.3261406673118472,0.0037362081930041313
scaffold_r2_rdkit_descriptors_random_forest,random_forest,rdkit_descriptors,scaffold,2,37,7175,897,8072,897,216,214,"{""max_features"": ""sqrt"", ""min_samples_leaf"": 3, ""n_estimators"": 100}",1.330502391672738,0.967833384568055,0.6968744398065606,0.8354203632866322,1.3559226678083696,0.8963453956523099,0.7692629321376556,0.8668126476237649,2.5958972917869687,0.996290999930352,0.01747454097494483
scaffold_r2_rdkit_descriptors_extra_trees,extra_trees,rdkit_descriptors,scaffold,2,37,7175,897,8072,897,216,214,"{""max_features"": ""sqrt"", ""min_samples_leaf"": 1, ""n_estimators"": 100}",1.3360976103981212,0.9587091277133157,0.6943195852417581,0.8397836486119127,1.39324681246479,0.9058667836785446,0.7563852143014983,0.8622587113833344,1.967041041702032,0.9145093751139939,0.02904212474822998
scaffold_r3_rdkit_descriptors_dummy,dummy,rdkit_descriptors,scaffold,3,73,7175,897,8072,897,216,216,"{""strategy"": ""mean""}",2.4758645693892944,2.027360991633176,-0.008012732291130531,,2.865838925476805,2.344930828555911,-0.009825960006922818,,0.0035653747618198395,0.0008165421895682812,0.00012462493032217026
scaffold_r3_rdkit_descriptors_ridge,ridge,rdkit_descriptors,scaffold,3,73,7175,897,8072,897,216,214,"{""alpha"": 100.0}",1.5292225225863763,1.1303139958491168,0.6154492884013927,0.8167353835634209,1.5280738296050693,1.0831262346211148,0.7129010180951072,0.8283482463853037,0.8520370842888951,0.18294645799323916,0.003630750346928835
scaffold_r3_rdkit_descriptors_random_forest,random_forest,rdkit_descriptors,scaffold,3,73,7175,897,8072,897,216,214,"{""max_features"": ""sqrt"", ""min_samples_leaf"": 3, ""n_estimators"": 100}",1.3475674095231729,0.9532217858355924,0.7013838814199811,0.8495540004679046,1.307941928760539,0.8813539620306148,0.7896609534087745,0.8654226970200408,2.8535859999246895,0.9642324582673609,0.029872999992221594
scaffold_r3_rdkit_descriptors_extra_trees,extra_trees,rdkit_descriptors,scaffold,3,73,7175,897,8072,897,216,214,"{""max_features"": ""sqrt"", ""min_samples_leaf"": 3, ""n_estimators"": 100}",1.3745356388588266,0.9822302898795771,0.6893121589476283,0.845499689209244,1.3638998327498584,0.9310153948745065,0.7712780058140418,0.861206429515608,1.8643146250396967,0.5130115421488881,0.030148166697472334
scaffold_r4_rdkit_descriptors_dummy,dummy,rdkit_descriptors,scaffold,4,101,7175,897,8072,897,216,216,"{""strategy"": ""mean""}",2.3540545630724137,1.8993510363919581,-0.0004540464162694491,,2.8409911266829146,2.321572331958574,-0.018122850783171884,,0.0038291248492896557,0.0011678747832775116,0.0002260832116007805
scaffold_r4_rdkit_descriptors_ridge,ridge,rdkit_descriptors,scaffold,4,101,7175,897,8072,897,216,214,"{""alpha"": 100.0}",1.4693569878902972,1.086047020498892,0.6102207273888978,0.8140387620094461,1.4737482304418492,1.0590044159475356,0.7260274678923122,0.8492331070466441,0.8238196671009064,0.1816015001386404,0.0033813747577369213
scaffold_r4_rdkit_descriptors_random_forest,random_forest,rdkit_descriptors,scaffold,4,101,7175,897,8072,897,216,214,"{""max_features"": ""sqrt"", ""min_samples_leaf"": 1, ""n_estimators"": 100}",1.2923654103945341,0.8986125817995965,0.6984670705411551,0.8461463564800535,1.2405270039444802,0.8358590142716228,0.8058788411463969,0.8908512251507741,2.8536528749391437,1.265770375262946,0.030256541911512613
scaffold_r4_rdkit_descriptors_extra_trees,extra_trees,rdkit_descriptors,scaffold,4,101,7175,897,8072,897,216,214,"{""max_features"": ""sqrt"", ""min_samples_leaf"": 3, ""n_estimators"": 100}",1.3188198785855019,0.9265731960348249,0.685996083694951,0.8481754812224143,1.2555858129199595,0.8491380748226304,0.8011373464973836,0.8906053434327972,2.1408420838415623,0.5182009576819837,0.03032791707664728
scaffold_r5_rdkit_descriptors_dummy,dummy,rdkit_descriptors,scaffold,5,137,7175,897,8072,897,216,216,"{""strategy"": ""mean""}",2.4327689062617246,1.9763106875556096,-0.026317648400315363,,2.916403549180756,2.388401027769438,-0.02261310700616903,,0.00558879179880023,0.0007419167086482048,0.00012579187750816345
scaffold_r5_rdkit_descriptors_ridge,ridge,rdkit_descriptors,scaffold,5,137,7175,897,8072,897,216,214,"{""alpha"": 100.0}",1.4537481189055552,1.0720913216119718,0.6335131334388685,0.8210335027192301,1.494199880307124,1.0901002953281704,0.7315684783631167,0.8568402400236231,0.8913425840437412,0.1776777501218021,0.0037051672115921974
scaffold_r5_rdkit_descriptors_random_forest,random_forest,rdkit_descriptors,scaffold,5,137,7175,897,8072,897,216,214,"{""max_features"": ""sqrt"", ""min_samples_leaf"": 3, ""n_estimators"": 100}",1.3159013024622532,0.9374133241380446,0.6997197851900419,0.8529316294577102,1.3133494973220987,0.8941062048321102,0.7926152855216949,0.8929979172451349,2.837655832991004,0.9916782500222325,0.017179499845951796
scaffold_r5_rdkit_descriptors_extra_trees,extra_trees,rdkit_descriptors,scaffold,5,137,7175,897,8072,897,216,214,"{""max_features"": ""sqrt"", ""min_samples_leaf"": 1, ""n_estimators"": 100}",1.3250190648584141,0.9239259437478399,0.6955441393096111,0.8545868415222999,1.3533800283293569,0.901618020934339,0.779780564323747,0.8867618589093549,2.019014375284314,1.1968544591218233,0.02971166605129838
low_similarity_r1_rdkit_descriptors_dummy,dummy,rdkit_descriptors,low_similarity,1,13,7175,897,8072,897,216,216,"{""strategy"": ""median""}",2.3227056727755993,1.8609527207481606,-0.004116437490682134,,2.381953909282914,1.9720438256905237,-0.01295391536683721,,0.0028876662254333496,0.0009100418537855148,0.00017862487584352493
low_similarity_r1_rdkit_descriptors_ridge,ridge,rdkit_descriptors,low_similarity,1,13,7175,897,8072,897,216,214,"{""alpha"": 1.0}",1.3466172758004977,0.9846149921385579,0.6624919942456989,0.8186948797522791,1.6795804628903739,1.2145071504522715,0.4963549051219891,0.7285657382776882,0.8394844997674227,0.2775806663557887,0.003620999865233898
low_similarity_r1_rdkit_descriptors_random_forest,random_forest,rdkit_descriptors,low_similarity,1,13,7175,897,8072,897,216,214,"{""max_features"": ""sqrt"", ""min_samples_leaf"": 3, ""n_estimators"": 100}",1.1827447416373817,0.8138749241356661,0.7396378991807511,0.8554449210470169,1.5235321357343274,1.0722065884420915,0.5855938246095292,0.7604951262874244,2.7842166661284864,1.0011832090094686,0.026262542232871056
low_similarity_r1_rdkit_descriptors_extra_trees,extra_trees,rdkit_descriptors,low_similarity,1,13,7175,897,8072,897,216,214,"{""max_features"": ""sqrt"", ""min_samples_leaf"": 1, ""n_estimators"": 100}",1.1782691611203642,0.7899328524944209,0.7416046241627856,0.8642346491045347,1.5227007001908097,1.0641734844276185,0.58604600805823,0.766522117589484,2.0112941251136363,0.7831959589384496,0.030924334190785885
low_similarity_r2_rdkit_descriptors_dummy,dummy,rdkit_descriptors,low_similarity,2,37,7175,897,8072,897,216,216,"{""strategy"": ""median""}",2.327152839242233,1.8702790671691194,-0.011693186051581206,,2.4131727398641987,1.9710396484112598,-0.007894796659547954,,0.0036748750135302544,0.0012011672370135784,0.0001627919264137745
low_similarity_r2_rdkit_descriptors_ridge,ridge,rdkit_descriptors,low_similarity,2,37,7175,897,8072,897,216,214,"{""alpha"": 100.0}",1.4131902162902155,1.0037101417339478,0.6269214717908926,0.7863435349059005,1.622302594871096,1.1743190791643252,0.5444856034947981,0.7481638528968191,0.801362999714911,0.18158824974671006,0.0038311672396957874
low_similarity_r2_rdkit_descriptors_random_forest,random_forest,rdkit_descriptors,low_similarity,2,37,7175,897,8072,897,216,214,"{""max_features"": ""sqrt"", ""min_samples_leaf"": 1, ""n_estimators"": 100}",1.2412186046405809,0.8275416950478426,0.7121968361749574,0.8203705214809309,1.4807512114551382,1.0377289133105017,0.6205080437752146,0.7933763487628639,2.769735749810934,1.247591375373304,0.030148833990097046
low_similarity_r2_rdkit_descriptors_extra_trees,extra_trees,rdkit_descriptors,low_similarity,2,37,7175,897,8072,897,216,214,"{""max_features"": ""sqrt"", ""min_samples_leaf"": 1, ""n_estimators"": 100}",1.2360458544158681,0.794442608402066,0.7145906638899937,0.8252383460397659,1.5210451368042301,1.0566983962665086,0.5995737080766836,0.7802334485274581,1.8472734591923654,0.9128697081468999,0.028450583573430777
low_similarity_r3_rdkit_descriptors_dummy,dummy,rdkit_descriptors,low_similarity,3,73,7175,897,8072,897,216,216,"{""strategy"": ""median""}",2.3501040129996364,1.9003989743085843,-0.007564647879396924,,2.3890160574617667,1.952004726627146,-0.00908820929915466,,0.0033876667730510235,0.001052000094205141,0.00012912508100271225
low_similarity_r3_rdkit_descriptors_ridge,ridge,rdkit_descriptors,low_similarity,3,73,7175,897,8072,897,216,214,"{""alpha"": 100.0}",1.381905391895005,0.9910501816294692,0.6516182666228099,0.8221351757710057,1.6382940470239324,1.1756978418178448,0.5254579517806137,0.7544347241873374,0.7439137911424041,0.17777837486937642,0.0034586251713335514
low_similarity_r3_rdkit_descriptors_random_forest,random_forest,rdkit_descriptors,low_similarity,3,73,7175,897,8072,897,216,214,"{""max_features"": ""sqrt"", ""min_samples_leaf"": 1, ""n_estimators"": 100}",1.1798414234114314,0.8196525911327456,0.7460512773387677,0.8534466620018356,1.4629574534134713,1.0272503348984796,0.6215971611844446,0.7938871772696606,2.798646583687514,1.5602859579958022,0.030293707735836506
low_similarity_r3_rdkit_descriptors_extra_trees,extra_trees,rdkit_descriptors,low_similarity,3,73,7175,897,8072,897,216,214,"{""max_features"": ""sqrt"", ""min_samples_leaf"": 3, ""n_estimators"": 100}",1.1954321360451128,0.8366845122558083,0.7392954529170557,0.8516394912858747,1.4797184439149755,1.0567954616076198,0.6128768274492464,0.7934462558211589,1.9819269999861717,0.574799332767725,0.03072058316320181
low_similarity_r4_rdkit_descriptors_dummy,dummy,rdkit_descriptors,low_similarity,4,101,7175,897,8072,897,216,216,"{""strategy"": ""median""}",2.273583301306908,1.831634703749387,-0.02499356479468884,,2.3808389244590074,1.9664907645360648,-0.010799212743628939,,0.004206084180623293,0.0025676251389086246,0.0005539585836231709
low_similarity_r4_rdkit_descriptors_ridge,ridge,rdkit_descriptors,low_similarity,4,101,7175,897,8072,897,216,214,"{""alpha"": 1.0}",1.3338108753338314,0.9686529241357156,0.6472330376890588,0.811189480528341,1.6481337586805982,1.1917978082630976,0.5156160139078104,0.7318062498483687,0.8721427503041923,0.2733235419727862,0.0037347087636590004
low_similarity_r4_rdkit_descriptors_random_forest,random_forest,rdkit_descriptors,low_similarity,4,101,7175,897,8072,897,216,214,"{""max_features"": ""sqrt"", ""min_samples_leaf"": 1, ""n_estimators"": 100}",1.1358513175704863,0.7829494714362945,0.7441753613530102,0.8431775776387809,1.4664955351923403,1.0208960591073672,0.6164991271634483,0.7728248680015888,2.901321291923523,1.3218180830590427,0.031143583357334137
low_similarity_r4_rdkit_descriptors_extra_trees,extra_trees,rdkit_descriptors,low_similarity,4,101,7175,897,8072,897,216,214,"{""max_features"": ""sqrt"", ""min_samples_leaf"": 1, ""n_estimators"": 100}",1.1543154417911865,0.7710700165165385,0.7357905129087352,0.8421846289666822,1.4589402325652991,1.0212119969191178,0.6204404979945249,0.7782421077008506,2.0582373747602105,0.8471105420030653,0.0306205409578979
low_similarity_r5_rdkit_descriptors_dummy,dummy,rdkit_descriptors,low_similarity,5,137,7175,897,8072,897,216,216,"{""strategy"": ""median""}",2.3719330293342598,1.893781441936399,-0.012640430330331354,,2.3797338635823575,1.9590191138817168,-0.009145346503812046,,0.004699792247265577,0.000924041960388422,0.00015150010585784912
low_similarity_r5_rdkit_descriptors_ridge,ridge,rdkit_descriptors,low_similarity,5,137,7175,897,8072,897,216,214,"{""alpha"": 1.0}",1.3992267021439435,1.0115877525170163,0.6476075571588163,0.8068854513132182,1.5804191876719709,1.1518826646424696,0.5549164656333676,0.757779034928691,0.8338362500071526,0.2674752501770854,0.0036780834197998047
low_similarity_r5_rdkit_descriptors_random_forest,random_forest,rdkit_descriptors,low_similarity,5,137,7175,897,8072,897,216,214,"{""max_features"": ""sqrt"", ""min_samples_leaf"": 3, ""n_estimators"": 100}",1.2039419455663742,0.8198718602896738,0.7391075514953886,0.8471831989517491,1.4356703732549332,1.0039442510364334,0.6327122724733392,0.8056670689128912,2.896774375345558,0.9200585423968732,0.028129832819104195
low_similarity_r5_rdkit_descriptors_extra_trees,extra_trees,rdkit_descriptors,low_similarity,5,137,7175,897,8072,897,216,214,"{""max_features"": ""sqrt"", ""min_samples_leaf"": 1, ""n_estimators"": 100}",1.2123617473415291,0.7893471805777341,0.7354456740763371,0.8511300827488911,1.480048112381705,1.019788837921398,0.6096550121084654,0.7907250502056661,2.0236131250858307,0.8427070421166718,0.02925495896488428
random_r1_morgan_fingerprints_dummy,dummy,morgan_fingerprints,random,1,13,7175,897,8072,897,2048,2048,"{""strategy"": ""mean""}",2.392461788843522,1.932511287702266,-8.166725678382392e-06,,2.3953845186797813,1.9381789456587297,-1.2276452179937891e-05,,0.007114916108548641,0.0019098748452961445,0.0002841660752892494
random_r1_morgan_fingerprints_ridge,ridge,morgan_fingerprints,random,1,13,7175,897,8072,897,2048,2048,"{""alpha"": 10.0}",1.5979714053363911,1.2093515656020006,0.5538801642313745,0.7444961816374881,1.5799249108729898,1.207200824222977,0.5649614444957072,0.7478820725609175,2.4657895830459893,0.5405113748274744,0.011732083279639482
random_r1_morgan_fingerprints_random_forest,random_forest,morgan_fingerprints,random,1,13,7175,897,8072,897,2048,2048,"{""max_features"": ""sqrt"", ""min_samples_leaf"": 1, ""n_estimators"": 100}",1.525429220483276,1.1034511169012784,0.593465273771525,0.782766545010212,1.488266432502623,1.0859908263855451,0.613974292425661,0.7918253154555214,6.011364083737135,3.170151500031352,0.03798741661012173
random_r1_morgan_fingerprints_extra_trees,extra_trees,morgan_fingerprints,random,1,13,7175,897,8072,897,2048,2048,"{""max_features"": ""sqrt"", ""min_samples_leaf"": 1, ""n_estimators"": 100}",1.5135312204965645,1.076789308880518,0.5997822979225531,0.7861926997200885,1.4432948283938813,1.0336538862857432,0.6369512333538065,0.8026715870047526,8.947618583217263,5.149703165981919,0.035484999883919954
random_r2_morgan_fingerprints_dummy,dummy,morgan_fingerprints,random,2,37,7175,897,8072,897,2048,2048,"{""strategy"": ""mean""}",2.4713249094825653,1.9675743148920286,-0.00010570562191203337,,2.3673981996317988,1.9201441727174218,-0.00012660024676058867,,0.006240249611437321,0.0023759999312460423,0.00038224970921874046
random_r2_morgan_fingerprints_ridge,ridge,morgan_fingerprints,random,2,37,7175,897,8072,897,2048,2048,"{""alpha"": 100.0}",1.6723424748270936,1.2065138499618324,0.5420303981431713,0.7563059474988048,1.6639267306443237,1.2332297694685885,0.5059387991684394,0.724450679261922,2.3269117497839034,0.32461279118433595,0.025102832820266485
random_r2_morgan_fingerprints_random_forest,random_forest,morgan_fingerprints,random,2,37,7175,897,8072,897,2048,2048,"{""max_features"": ""sqrt"", ""min_samples_leaf"": 1, ""n_estimators"": 100}",1.5528041204241099,1.0819284521900692,0.6051614382265615,0.7993128682483512,1.5142162878234589,1.0861763464526015,0.5908447019518607,0.7894040637521684,6.200737375300378,3.6860112086869776,0.03561995783820748
random_r2_morgan_fingerprints_extra_trees,extra_trees,morgan_fingerprints,random,2,37,7175,897,8072,897,2048,2048,"{""max_features"": ""sqrt"", ""min_samples_leaf"": 1, ""n_estimators"": 100}",1.5260977335867123,1.0478312807949803,0.6186261540589806,0.7997115656477108,1.518687950918556,1.0693326895818436,0.5884245639799817,0.7886207559365883,9.04838104173541,4.769639334175736,0.03784579085186124
random_r3_morgan_fingerprints_dummy,dummy,morgan_fingerprints,random,3,73,7175,897,8072,897,2048,2048,"{""strategy"": ""mean""}",2.441552100359162,1.9543555586053691,-1.7340252769670883e-05,,2.377822527730168,1.9263210950137037,-3.1109984068855567e-06,,0.0063798329792916775,0.0020167920738458633,0.00036566704511642456
random_r3_morgan_fingerprints_ridge,ridge,morgan_fingerprints,random,3,73,7175,897,8072,897,2048,2048,"{""alpha"": 10.0}",1.6519645780899541,1.2395869068817431,0.5421987227012257,0.7381594591629153,1.5415254635886178,1.1649802124062798,0.5797150075437216,0.7523596521110945,2.2920041251927614,0.549278459046036,0.012236416339874268
random_r3_morgan_fingerprints_random_forest,random_forest,morgan_fingerprints,random,3,73,7175,897,8072,897,2048,2048,"{""max_features"": ""sqrt"", ""min_samples_leaf"": 1, ""n_estimators"": 100}",1.5064085366510291,1.0691937627784887,0.6193191111665821,0.8049993261647321,1.3755638561322505,1.0075544070416478,0.6653398600360103,0.8327700140398727,5.7553834156133235,3.3233772916719317,0.052763333078473806
random_r3_morgan_fingerprints_extra_trees,extra_trees,morgan_fingerprints,random,3,73,7175,897,8072,897,2048,2048,"{""max_features"": ""sqrt"", ""min_samples_leaf"": 1, ""n_estimators"": 100}",1.483615770505353,1.0328433418529779,0.6307517712701745,0.8064545932394704,1.3301845144514008,0.9628301513801903,0.687056272083568,0.8396457956816372,9.542006582953036,5.016932417172939,0.03682520892471075
random_r4_morgan_fingerprints_dummy,dummy,morgan_fingerprints,random,4,101,7175,897,8072,897,2048,2048,"{""strategy"": ""mean""}",2.3563250793838955,1.9186703041518431,-0.00017593972676199776,,2.3855494591999262,1.9311456508818567,-4.235184609013842e-06,,0.005599457770586014,0.002676166594028473,0.0005089594051241875
random_r4_morgan_fingerprints_ridge,ridge,morgan_fingerprints,random,4,101,7175,897,8072,897,2048,2048,"{""alpha"": 100.0}",1.5927888343984962,1.2139465495253128,0.5429934792666701,0.7443072388302517,1.6310325901439513,1.223636634302265,0.5325337440299351,0.7356505317199498,2.402449958026409,0.32249920815229416,0.011357500217854977
random_r4_morgan_fingerprints_random_forest,random_forest,morgan_fingerprints,random,4,101,7175,897,8072,897,2048,2048,"{""max_features"": ""sqrt"", ""min_samples_leaf"": 1, ""n_estimators"": 100}",1.4613943294908252,1.053552764519156,0.6152834873373418,0.7958224315090351,1.4942075101584718,1.0834615179348153,0.6076742452853341,0.781584352873026,6.330922583118081,3.5245393752120435,0.03334187529981136
random_r4_morgan_fingerprints_extra_trees,extra_trees,morgan_fingerprints,random,4,101,7175,897,8072,897,2048,2048,"{""max_features"": ""sqrt"", ""min_samples_leaf"": 1, ""n_estimators"": 100}",1.4358419315820847,1.010142320914481,0.6286193638539405,0.8024962098076622,1.445933196370074,1.0313444195671833,0.6326149782833048,0.7955806874250774,11.165885083843023,4.925647417083383,0.03617812506854534
random_r5_morgan_fingerprints_dummy,dummy,morgan_fingerprints,random,5,137,7175,897,8072,897,2048,2048,"{""strategy"": ""mean""}",2.4144433187978214,1.944641548402107,-8.640718369035127e-06,,2.369959713182139,1.9283290390318608,-3.518034341754017e-05,,0.0066780829802155495,0.001961749978363514,0.0003955001011490822
random_r5_morgan_fingerprints_ridge,ridge,morgan_fingerprints,random,5,137,7175,897,8072,897,2048,2048,"{""alpha"": 10.0}",1.652264528453738,1.2139226667308511,0.5316949053544311,0.731321615553624,1.61684517928836,1.2157190472496053,0.5345530127636898,0.7498198626108424,2.4003364578820765,0.600705792196095,0.014253500383347273
random_r5_morgan_fingerprints_random_forest,random_forest,morgan_fingerprints,random,5,137,7175,897,8072,897,2048,2048,"{""max_features"": ""sqrt"", ""min_samples_leaf"": 1, ""n_estimators"": 100}",1.507775504681219,1.0648230681670914,0.6100193213069438,0.7986901124065324,1.4467079596714987,1.0469532018570789,0.6273551761225946,0.8162638063685855,6.330943916924298,3.1833008332177997,0.037205000407993793
random_r5_morgan_fingerprints_extra_trees,extra_trees,morgan_fingerprints,random,5,137,7175,897,8072,897,2048,2048,"{""max_features"": ""sqrt"", ""min_samples_leaf"": 1, ""n_estimators"": 100}",1.500658677748505,1.0384944351009868,0.6136921159229816,0.8015598813005665,1.4360948773614333,1.0143578966883893,0.6328025831221857,0.8172958749096169,8.683597208932042,4.41004787478596,0.0409617917612195
scaffold_r1_morgan_fingerprints_dummy,dummy,morgan_fingerprints,scaffold,1,13,7175,897,8072,897,2048,2048,"{""strategy"": ""mean""}",2.3773679715397247,1.939305797775586,-0.005797002919791572,,2.8842019620674564,2.3605541704259774,-0.011830782964227904,,0.007804666180163622,0.0023319576866924763,0.00026845792308449745
scaffold_r1_morgan_fingerprints_ridge,ridge,morgan_fingerprints,scaffold,1,13,7175,897,8072,897,2048,2048,"{""alpha"": 100.0}",1.7543129141526614,1.3168854221589696,0.452313995739529,0.696250810933651,1.8619295242785883,1.454535201879214,0.5783199750011557,0.7840774797039946,2.447764541953802,0.3330552503466606,0.011989666149020195
scaffold_r1_morgan_fingerprints_random_forest,random_forest,morgan_fingerprints,scaffold,1,13,7175,897,8072,897,2048,2048,"{""max_features"": ""sqrt"", ""min_samples_leaf"": 1, ""n_estimators"": 100}",1.7595008463050004,1.2993267941135973,0.4490699232564621,0.7188427564245058,1.9534503993742194,1.4932812682466605,0.5358468216072676,0.8086954584737197,5.349302624817938,3.1143965828232467,0.03700016578659415
scaffold_r1_morgan_fingerprints_extra_trees,extra_trees,morgan_fingerprints,scaffold,1,13,7175,897,8072,897,2048,2048,"{""max_features"": ""log2"", ""min_samples_leaf"": 1, ""n_estimators"": 100}",1.7375103658608757,1.2864947079461457,0.4627550638917691,0.7359902189523267,1.9806270491644284,1.4995870520887395,0.5228422702150888,0.8068321377801525,8.253532665781677,3.033291042316705,0.07055262522771955
scaffold_r2_morgan_fingerprints_dummy,dummy,morgan_fingerprints,scaffold,2,37,7175,897,8072,897,2048,2048,"{""strategy"": ""mean""}",2.431192779633179,1.9693809982874215,-0.012115402270964637,,2.8445671661545573,2.297253062636462,-0.015499964959079682,,0.011488125193864107,0.004399625118821859,0.00036120833829045296
scaffold_r2_morgan_fingerprints_ridge,ridge,morgan_fingerprints,scaffold,2,37,7175,897,8072,897,2048,2048,"{""alpha"": 100.0}",1.7700096777915486,1.393939184556114,0.46353360629317464,0.6792744971805765,1.862811559036738,1.415947933218513,0.5645027916831089,0.7688575170035548,2.7190611669793725,0.3681562077254057,0.010570124723017216
scaffold_r2_morgan_fingerprints_random_forest,random_forest,morgan_fingerprints,scaffold,2,37,7175,897,8072,897,2048,2048,"{""max_features"": ""sqrt"", ""min_samples_leaf"": 1, ""n_estimators"": 100}",1.698856975969039,1.3238198472668938,0.5057975715596674,0.7198048331470678,1.9354965843765246,1.4558979056346837,0.5298544328958161,0.7886413419706186,6.0928398333489895,3.2500924170017242,0.037964750081300735
scaffold_r2_morgan_fingerprints_extra_trees,extra_trees,morgan_fingerprints,scaffold,2,37,7175,897,8072,897,2048,2048,"{""max_features"": ""sqrt"", ""min_samples_leaf"": 1, ""n_estimators"": 100}",1.652164793537676,1.2654275216802808,0.5325900359580117,0.7348596905990117,1.9534102733316818,1.4500232618520934,0.5211114405584799,0.7832100266883335,8.425026916898787,4.936032082885504,0.038251790683716536
scaffold_r3_morgan_fingerprints_dummy,dummy,morgan_fingerprints,scaffold,3,73,7175,897,8072,897,2048,2048,"{""strategy"": ""mean""}",2.4758645693892944,2.027360991633176,-0.008012732291130531,,2.865838925476805,2.344930828555911,-0.009825960006922818,,0.006868333090096712,0.0018768333829939365,0.00034008314833045006
scaffold_r3_morgan_fingerprints_ridge,ridge,morgan_fingerprints,scaffold,3,73,7175,897,8072,897,2048,2048,"{""alpha"": 100.0}",1.706994830349033,1.3171637031860886,0.5208442992112278,0.754012107770884,1.9220065796587928,1.4605202563267488,0.5457941569900611,0.74760257583042,2.3300963332876563,0.32491075014695525,0.010285291820764542
scaffold_r3_morgan_fingerprints_random_forest,random_forest,morgan_fingerprints,scaffold,3,73,7175,897,8072,897,2048,2048,"{""max_features"": ""sqrt"", ""min_samples_leaf"": 1, ""n_estimators"": 100}",1.6959820800967969,1.292306141696503,0.5270069426468589,0.7724113249030381,1.9961044746794638,1.4866401093664285,0.5100976608856714,0.7793486642124611,6.236423374619335,3.0710432501509786,0.03577199997380376
scaffold_r3_morgan_fingerprints_extra_trees,extra_trees,morgan_fingerprints,scaffold,3,73,7175,897,8072,897,2048,2048,"{""max_features"": ""sqrt"", ""min_samples_leaf"": 1, ""n_estimators"": 100}",1.6803999927025224,1.2655507481023065,0.5356584039456276,0.7663713204512107,1.9480337551596703,1.4463274739108851,0.5334094564871755,0.7849325819926529,8.825922999996692,4.731655166018754,0.03552308399230242
scaffold_r4_morgan_fingerprints_dummy,dummy,morgan_fingerprints,scaffold,4,101,7175,897,8072,897,2048,2048,"{""strategy"": ""mean""}",2.3540545630724137,1.8993510363919581,-0.0004540464162694491,,2.8409911266829146,2.321572331958574,-0.018122850783171884,,0.009397916961461306,0.002446542028337717,0.0003086659125983715
scaffold_r4_morgan_fingerprints_ridge,ridge,morgan_fingerprints,scaffold,4,101,7175,897,8072,897,2048,2048,"{""alpha"": 100.0}",1.6639883830536,1.275205318698109,0.500121249740032,0.7166255547411382,1.837599394924001,1.4051227506489075,0.5740465808747317,0.7853429492278613,2.3145124171860516,0.3233957919292152,0.010587915778160095
scaffold_r4_morgan_fingerprints_random_forest,random_forest,morgan_fingerprints,scaffold,4,101,7175,897,8072,897,2048,2048,"{""max_features"": ""sqrt"", ""min_samples_leaf"": 1, ""n_estimators"": 100}",1.6292341348276798,1.207794134882241,0.52078423521293,0.7413272896627263,1.9055809642954755,1.4079621590848557,0.5419475167865069,0.8156233721326255,6.153869083151221,2.7481597922742367,0.03517449973151088
scaffold_r4_morgan_fingerprints_extra_trees,extra_trees,morgan_fingerprints,scaffold,4,101,7175,897,8072,897,2048,2048,"{""max_features"": ""sqrt"", ""min_samples_leaf"": 1, ""n_estimators"": 100}",1.605994401510111,1.1899220287190668,0.5343579962766872,0.7412915413991721,1.8510516152214838,1.357853738790784,0.5677873356174974,0.8203511627887784,8.669809542130679,5.5749334576539695,0.061021207831799984
scaffold_r5_morgan_fingerprints_dummy,dummy,morgan_fingerprints,scaffold,5,137,7175,897,8072,897,2048,2048,"{""strategy"": ""mean""}",2.4327689062617246,1.9763106875556096,-0.026317648400315363,,2.916403549180756,2.388401027769438,-0.02261310700616903,,0.007280833087861538,0.003914709202945232,0.0003037499263882637
scaffold_r5_morgan_fingerprints_ridge,ridge,morgan_fingerprints,scaffold,5,137,7175,897,8072,897,2048,2048,"{""alpha"": 100.0}",1.6934112459603141,1.3078104926319334,0.5027154533865099,0.7413926805587845,1.9237875479170723,1.466016596713652,0.555030404022973,0.7884662671493897,2.656073334161192,0.3276215838268399,0.011624499689787626
scaffold_r5_morgan_fingerprints_random_forest,random_forest,morgan_fingerprints,scaffold,5,137,7175,897,8072,897,2048,2048,"{""max_features"": ""sqrt"", ""min_samples_leaf"": 1, ""n_estimators"": 100}",1.668767324366251,1.2788195876193733,0.5170839284449871,0.7633667908767695,1.9931267158961528,1.4904275189976663,0.5223762219235013,0.8072387661608686,6.0967200407758355,3.4123971671797335,0.037603499833494425
scaffold_r5_morgan_fingerprints_extra_trees,extra_trees,morgan_fingerprints,scaffold,5,137,7175,897,8072,897,2048,2048,"{""max_features"": ""sqrt"", ""min_samples_leaf"": 1, ""n_estimators"": 100}",1.6435698867330477,1.2499722481631175,0.5315573431735898,0.7655068211558297,1.9869576671640927,1.4781343046085447,0.5253282915705094,0.8002065414286085,9.146538666915148,4.827503416221589,0.03603545809164643
low_similarity_r1_morgan_fingerprints_dummy,dummy,morgan_fingerprints,low_similarity,1,13,7175,897,8072,897,2048,2048,"{""strategy"": ""median""}",2.3227056727755993,1.8609527207481606,-0.004116437490682134,,2.381953909282914,1.9720438256905237,-0.01295391536683721,,0.005694499704986811,0.0020777499303221703,0.0002709170803427696
low_similarity_r1_morgan_fingerprints_ridge,ridge,morgan_fingerprints,low_similarity,1,13,7175,897,8072,897,2048,2048,"{""alpha"": 10.0}",1.538046737571439,1.1596204449306224,0.559714096485489,0.7363687861682322,1.8746289248273247,1.4668242996176641,0.37258686331493485,0.6198625699038732,2.4855612092651427,0.5790304578840733,0.01195104094222188
low_similarity_r1_morgan_fingerprints_random_forest,random_forest,morgan_fingerprints,low_similarity,1,13,7175,897,8072,897,2048,2048,"{""max_features"": ""sqrt"", ""min_samples_leaf"": 1, ""n_estimators"": 100}",1.4637437701229903,1.082811267659625,0.6012269181589693,0.7961479223327061,1.7878666244564567,1.3683140835841543,0.42931926169893375,0.6765033041112437,6.18814104096964,3.191009709145874,0.03803449962288141
low_similarity_r1_morgan_fingerprints_extra_trees,extra_trees,morgan_fingerprints,low_similarity,1,13,7175,897,8072,897,2048,2048,"{""max_features"": ""sqrt"", ""min_samples_leaf"": 1, ""n_estimators"": 100}",1.4321511545063283,1.0521084704605597,0.618254936081708,0.8013791336841521,1.7530816474511492,1.3390635460951823,0.45130972013241566,0.6907765420850127,9.08532483316958,5.2690127906389534,0.05457845889031887
low_similarity_r2_morgan_fingerprints_dummy,dummy,morgan_fingerprints,low_similarity,2,37,7175,897,8072,897,2048,2048,"{""strategy"": ""median""}",2.327152839242233,1.8702790671691194,-0.011693186051581206,,2.4131727398641987,1.9710396484112598,-0.007894796659547954,,0.005966417025774717,0.002763624768704176,0.0003882497549057007
low_similarity_r2_morgan_fingerprints_ridge,ridge,morgan_fingerprints,low_similarity,2,37,7175,897,8072,897,2048,2048,"{""alpha"": 100.0}",1.5575327833685821,1.1552196382663744,0.546817215253034,0.7499484802271709,1.8860363245816407,1.417100166500977,0.3843434738792483,0.6314430011897273,3.067581166047603,0.3231553751975298,0.01091079181060195
low_similarity_r2_morgan_fingerprints_random_forest,random_forest,morgan_fingerprints,low_similarity,2,37,7175,897,8072,897,2048,2048,"{""max_features"": ""sqrt"", ""min_samples_leaf"": 1, ""n_estimators"": 100}",1.486496367963537,1.0705035205414664,0.5872123309192752,0.7838632596512735,1.8317740432816212,1.3858866009678805,0.41925940791677585,0.6789779227267557,8.364601334091276,3.916950082872063,0.03625195799395442
low_similarity_r2_morgan_fingerprints_extra_trees,extra_trees,morgan_fingerprints,low_similarity,2,37,7175,897,8072,897,2048,2048,"{""max_features"": ""sqrt"", ""min_samples_leaf"": 1, ""n_estimators"": 100}",1.4574053299283998,1.0292774023314981,0.603210914437446,0.7892441694082116,1.7996213074431222,1.3608027456838192,0.4394677110262043,0.6865577270547716,9.708877083845437,5.101242459379137,0.0377618339844048
low_similarity_r3_morgan_fingerprints_dummy,dummy,morgan_fingerprints,low_similarity,3,73,7175,897,8072,897,2048,2048,"{""strategy"": ""median""}",2.3501040129996364,1.9003989743085843,-0.007564647879396924,,2.3890160574617667,1.952004726627146,-0.00908820929915466,,0.007743374910205603,0.002026916015893221,0.00032287510111927986
low_similarity_r3_morgan_fingerprints_ridge,ridge,morgan_fingerprints,low_similarity,3,73,7175,897,8072,897,2048,2048,"{""alpha"": 10.0}",1.4975741758110934,1.145637969067197,0.5908567054566101,0.7601769829220524,1.9250623475871147,1.4569043070996917,0.34478988483855477,0.6139587037677605,2.444390042219311,0.6118323341943324,0.010705166030675173
low_similarity_r3_morgan_fingerprints_random_forest,random_forest,morgan_fingerprints,low_similarity,3,73,7175,897,8072,897,2048,2048,"{""max_features"": ""sqrt"", ""min_samples_leaf"": 1, ""n_estimators"": 100}",1.4465679797509474,1.0674296586658736,0.6182522832594577,0.8083873390973083,1.8186961100063013,1.3828895186628598,0.4151947404936238,0.6833811545103419,5.915819500107318,3.4210827499628067,0.037999124731868505
low_similarity_r3_morgan_fingerprints_extra_trees,extra_trees,morgan_fingerprints,low_similarity,3,73,7175,897,8072,897,2048,2048,"{""max_features"": ""sqrt"", ""min_samples_leaf"": 1, ""n_estimators"": 100}",1.4061298983175758,1.0291866025512035,0.6392970964281883,0.813593909420745,1.78011673371974,1.3571004723941282,0.43974213814424634,0.6961307454297022,9.0129502909258,4.579540166072547,0.057934666983783245
low_similarity_r4_morgan_fingerprints_dummy,dummy,morgan_fingerprints,low_similarity,4,101,7175,897,8072,897,2048,2048,"{""strategy"": ""median""}",2.273583301306908,1.831634703749387,-0.02499356479468884,,2.3808389244590074,1.9664907645360648,-0.010799212743628939,,0.005988915916532278,0.002600208856165409,0.00034787459298968315
low_similarity_r4_morgan_fingerprints_ridge,ridge,morgan_fingerprints,low_similarity,4,101,7175,897,8072,897,2048,2048,"{""alpha"": 100.0}",1.4878059746864702,1.1211824378176545,0.5610733060550523,0.7534927801289754,1.9043060171734316,1.4741321712278326,0.3533365038576972,0.5872547535682677,3.422026041895151,0.8286431250162423,0.011111583095043898
low_similarity_r4_morgan_fingerprints_random_forest,random_forest,morgan_fingerprints,low_similarity,4,101,7175,897,8072,897,2048,2048,"{""max_features"": ""sqrt"", ""min_samples_leaf"": 1, ""n_estimators"": 100}",1.4313085160983456,1.0485081660281572,0.5937756919036039,0.7831381975065395,1.8309673960511998,1.4116244114793066,0.4021859904332912,0.6471097287413226,9.589102667290717,3.5351184997707605,0.0360621246509254
low_similarity_r4_morgan_fingerprints_extra_trees,extra_trees,morgan_fingerprints,low_similarity,4,101,7175,897,8072,897,2048,2048,"{""max_features"": ""sqrt"", ""min_samples_leaf"": 1, ""n_estimators"": 100}",1.373467976299356,0.9876336093753181,0.6259441313743996,0.7989579609745888,1.841127791771346,1.401773109269635,0.3955328081884941,0.6408909062133574,10.216674833092839,5.5438371249474585,0.03753916593268514
low_similarity_r5_morgan_fingerprints_dummy,dummy,morgan_fingerprints,low_similarity,5,137,7175,897,8072,897,2048,2048,"{""strategy"": ""median""}",2.3719330293342598,1.893781441936399,-0.012640430330331354,,2.3797338635823575,1.9590191138817168,-0.009145346503812046,,0.008145666215568781,0.002319667022675276,0.0002598748542368412
low_similarity_r5_morgan_fingerprints_ridge,ridge,morgan_fingerprints,low_similarity,5,137,7175,897,8072,897,2048,2048,"{""alpha"": 10.0}",1.6134154350337468,1.2215231802407083,0.5314641438498535,0.7335445826939508,1.9561812158125667,1.4826196621979282,0.31810876332885796,0.5991071328628557,2.600828125141561,0.5976583329029381,0.010508874896913767
low_similarity_r5_morgan_fingerprints_random_forest,random_forest,morgan_fingerprints,low_similarity,5,137,7175,897,8072,897,2048,2048,"{""max_features"": ""sqrt"", ""min_samples_leaf"": 1, ""n_estimators"": 100}",1.5122646502464867,1.0845415420975688,0.588370948421722,0.7851791878292089,1.824817686365278,1.3676025226738593,0.4066159019056498,0.6766777195543359,7.111561166122556,4.5886120409704745,0.03793533332645893
low_similarity_r5_morgan_fingerprints_extra_trees,extra_trees,morgan_fingerprints,low_similarity,5,137,7175,897,8072,897,2048,2048,"{""max_features"": ""sqrt"", ""min_samples_leaf"": 1, ""n_estimators"": 100}",1.4675560340881755,1.0411105955429685,0.6123499875033137,0.7960970449737911,1.803028234589664,1.3344123572146847,0.42070204441498915,0.6862586421878119,12.20188858313486,6.329885667189956,0.06945654097944498
random_r1_maccs_fingerprints_dummy,dummy,maccs_fingerprints,random,1,13,7175,897,8072,897,167,167,"{""strategy"": ""mean""}",2.392461788843522,1.932511287702266,-8.166725678382392e-06,,2.3953845186797813,1.9381789456587297,-1.2276452179937891e-05,,0.005231749732047319,0.0008105002343654633,0.00011870870366692543
random_r1_maccs_fingerprints_ridge,ridge,maccs_fingerprints,random,1,13,7175,897,8072,897,167,167,"{""alpha"": 10.0}",1.6302695301527537,1.2431389676681834,0.5356640066233427,0.7421827071004067,1.656758136647549,1.2661384663160173,0.521619928798275,0.7296571198268609,0.1836672918871045,0.035833084024488926,0.0017121671698987484
random_r1_maccs_fingerprints_random_forest,random_forest,maccs_fingerprints,random,1,13,7175,897,8072,897,167,167,"{""max_features"": ""sqrt"", ""min_samples_leaf"": 1, ""n_estimators"": 100}",1.4369031197617237,0.9796594571899646,0.6392814290149966,0.8169198268367636,1.4397466398160303,0.9928944142852788,0.6387340736328739,0.8072613431278709,1.328418250195682,0.4166857083328068,0.02970858383923769
random_r1_maccs_fingerprints_extra_trees,extra_trees,maccs_fingerprints,random,1,13,7175,897,8072,897,167,167,"{""max_features"": ""sqrt"", ""min_samples_leaf"": 3, ""n_estimators"": 100}",1.4407084050970966,1.0103524687000647,0.6373683499552838,0.8187694206695452,1.4446539441218071,1.026066195904493,0.6362671629859877,0.8019729148387522,1.5578795410692692,0.5100904577411711,0.025874542072415352
random_r2_maccs_fingerprints_dummy,dummy,maccs_fingerprints,random,2,37,7175,897,8072,897,167,167,"{""strategy"": ""mean""}",2.4713249094825653,1.9675743148920286,-0.00010570562191203337,,2.3673981996317988,1.9201441727174218,-0.00012660024676058867,,0.010124499909579754,0.0012177499011158943,0.00020779063925147057
random_r2_maccs_fingerprints_ridge,ridge,maccs_fingerprints,random,2,37,7175,897,8072,897,167,167,"{""alpha"": 1.0}",1.7068585353508323,1.2423806839467186,0.5229309218141072,0.7403751390911028,1.6538033463695159,1.2574965647874856,0.51193228005682,0.7326182287844655,0.18160195834934711,0.04914445802569389,0.0017208750359714031
random_r2_maccs_fingerprints_random_forest,random_forest,maccs_fingerprints,random,2,37,7175,897,8072,897,167,167,"{""max_features"": ""sqrt"", ""min_samples_leaf"": 1, ""n_estimators"": 100}",1.4441923089153066,0.9695278755685016,0.6584641733385491,0.8215649579325609,1.441323872679198,0.9873880224798348,0.6292889665125042,0.8140257887104084,1.1027379580773413,0.5333463340066373,0.027052707970142365
random_r2_maccs_fingerprints_extra_trees,extra_trees,maccs_fingerprints,random,2,37,7175,897,8072,897,167,167,"{""max_features"": ""sqrt"", ""min_samples_leaf"": 1, ""n_estimators"": 100}",1.4507768400092704,0.9478325973842522,0.6553427332445383,0.8222610841668342,1.476734006854705,0.9710037821643742,0.6108501167166279,0.8092538581283929,2.49276224989444,1.312494124751538,0.045295583084225655
random_r3_maccs_fingerprints_dummy,dummy,maccs_fingerprints,random,3,73,7175,897,8072,897,167,167,"{""strategy"": ""mean""}",2.441552100359162,1.9543555586053691,-1.7340252769670883e-05,,2.377822527730168,1.9263210950137037,-3.1109984068855567e-06,,0.007014458067715168,0.0013009998947381973,0.00016366690397262573
random_r3_maccs_fingerprints_ridge,ridge,maccs_fingerprints,random,3,73,7175,897,8072,897,167,167,"{""alpha"": 10.0}",1.7177982374564922,1.2701580040975695,0.5049833075455172,0.7282003130317926,1.5614898782776732,1.170396880658124,0.5687582265359519,0.7628555124210554,0.18516295915469527,0.034760875161737204,0.0015606246888637543
random_r3_maccs_fingerprints_random_forest,random_forest,maccs_fingerprints,random,3,73,7175,897,8072,897,167,167,"{""max_features"": ""sqrt"", ""min_samples_leaf"": 1, ""n_estimators"": 100}",1.4561234129819567,0.9929777674914204,0.6443097929041373,0.8107252671565615,1.308156612663064,0.9193218704454149,0.6973351700588362,0.8444677185724929,1.4566306667402387,0.47718749986961484,0.028196833096444607
random_r3_maccs_fingerprints_extra_trees,extra_trees,maccs_fingerprints,random,3,73,7175,897,8072,897,167,167,"{""max_features"": ""sqrt"", ""min_samples_leaf"": 3, ""n_estimators"": 100}",1.443315926574966,1.000155585052073,0.6505392969059658,0.8178107818374313,1.352131877644506,0.9672343810908489,0.6766442559893996,0.842719804946214,1.3399729579687119,0.3789975419640541,0.027651041746139526
random_r4_maccs_fingerprints_dummy,dummy,maccs_fingerprints,random,4,101,7175,897,8072,897,167,167,"{""strategy"": ""mean""}",2.3563250793838955,1.9186703041518431,-0.00017593972676199776,,2.3855494591999262,1.9311456508818567,-4.235184609013842e-06,,0.007855333853513002,0.000631249975413084,0.00015200022608041763
random_r4_maccs_fingerprints_ridge,ridge,maccs_fingerprints,random,4,101,7175,897,8072,897,167,167,"{""alpha"": 10.0}",1.5922524336529273,1.2198514094432826,0.5433012380300415,0.7509005459819252,1.6924194076274217,1.2749155376073649,0.4966837144773487,0.7198547707035792,0.14446004200726748,0.032267417293041945,0.0015753326006233692
random_r4_maccs_fingerprints_random_forest,random_forest,maccs_fingerprints,random,4,101,7175,897,8072,897,167,167,"{""max_features"": ""sqrt"", ""min_samples_leaf"": 1, ""n_estimators"": 100}",1.3109549586273443,0.899587665841317,0.6904138432604978,0.8455686520765379,1.4053115481567044,0.957450834719918,0.6529674438019487,0.8078226507054482,1.0831514997407794,0.42774912528693676,0.02864187490195036
random_r4_maccs_fingerprints_extra_trees,extra_trees,maccs_fingerprints,random,4,101,7175,897,8072,897,167,167,"{""max_features"": ""log2"", ""min_samples_leaf"": 1, ""n_estimators"": 100}",1.3244112520130669,0.8855340136054952,0.6840257328706594,0.8449914310288291,1.4401466440938107,0.951085206301841,0.6355496073257134,0.8005260678448403,1.579861625097692,0.6027788333594799,0.0288996659219265
random_r5_maccs_fingerprints_dummy,dummy,maccs_fingerprints,random,5,137,7175,897,8072,897,167,167,"{""strategy"": ""mean""}",2.4144433187978214,1.944641548402107,-8.640718369035127e-06,,2.369959713182139,1.9283290390318608,-3.518034341754017e-05,,0.0045372918248176575,0.0009958748705685139,0.00015154201537370682
random_r5_maccs_fingerprints_ridge,ridge,maccs_fingerprints,random,5,137,7175,897,8072,897,167,167,"{""alpha"": 0.1}",1.635504722017084,1.2337416243519153,0.5411472609568448,0.7461298757225291,1.6571450213525944,1.2517307660049652,0.5110613330707672,0.7339968045716604,0.1498315422795713,0.05446758307516575,0.0016730837523937225
random_r5_maccs_fingerprints_random_forest,random_forest,maccs_fingerprints,random,5,137,7175,897,8072,897,167,167,"{""max_features"": ""sqrt"", ""min_samples_leaf"": 1, ""n_estimators"": 100}",1.3671478186827903,0.9316906978114703,0.6793725717796234,0.8422032396045238,1.3553811092210113,0.94126484076001,0.6729183289021097,0.835698019077202,1.1039927089586854,0.4939764579758048,0.042884707916527987
random_r5_maccs_fingerprints_extra_trees,extra_trees,maccs_fingerprints,random,5,137,7175,897,8072,897,167,167,"{""max_features"": ""sqrt"", ""min_samples_leaf"": 3, ""n_estimators"": 100}",1.3949350575685462,0.9816548861699893,0.6662066332246561,0.8383326726246291,1.3994777409326506,0.9885500224673226,0.6512892452287279,0.8289477763216669,1.8410387500189245,0.4886575839482248,0.02788937510922551
scaffold_r1_maccs_fingerprints_dummy,dummy,maccs_fingerprints,scaffold,1,13,7175,897,8072,897,167,167,"{""strategy"": ""mean""}",2.3773679715397247,1.939305797775586,-0.005797002919791572,,2.8842019620674564,2.3605541704259774,-0.011830782964227904,,0.008789209183305502,0.0005824160762131214,0.00011787516996264458
scaffold_r1_maccs_fingerprints_ridge,ridge,maccs_fingerprints,scaffold,1,13,7175,897,8072,897,167,167,"{""alpha"": 0.1}",1.650536987623028,1.2401538665641727,0.5151939349387618,0.7351795044293113,1.9052697855527498,1.4833342502984506,0.5584605497767421,0.7743649593014585,0.196259000338614,0.059234749991446733,0.0015317918732762337
scaffold_r1_maccs_fingerprints_random_forest,random_forest,maccs_fingerprints,scaffold,1,13,7175,897,8072,897,167,167,"{""max_features"": ""sqrt"", ""min_samples_leaf"": 1, ""n_estimators"": 100}",1.5456774911828934,1.1065074857712596,0.5748371717671554,0.7901388259708135,1.695853714930339,1.2684492593894952,0.6501891094234112,0.8267860448765489,1.3618918331339955,0.5206210422329605,0.027069957926869392
scaffold_r1_maccs_fingerprints_extra_trees,extra_trees,maccs_fingerprints,scaffold,1,13,7175,897,8072,897,167,167,"{""max_features"": ""sqrt"", ""min_samples_leaf"": 1, ""n_estimators"": 100}",1.5492495348068198,1.0951625699232017,0.5728698079049542,0.7913524616713554,1.644709423395391,1.1978125301322347,0.6709704425164664,0.8277254090534052,1.4047859581187367,0.7238363330252469,0.02871491713449359
scaffold_r2_maccs_fingerprints_dummy,dummy,maccs_fingerprints,scaffold,2,37,7175,897,8072,897,167,167,"{""strategy"": ""mean""}",2.431192779633179,1.9693809982874215,-0.012115402270964637,,2.8445671661545573,2.297253062636462,-0.015499964959079682,,0.0038607921451330185,0.0009001246653497219,0.0001177499070763588
scaffold_r2_maccs_fingerprints_ridge,ridge,maccs_fingerprints,scaffold,2,37,7175,897,8072,897,167,167,"{""alpha"": 0.1}",1.6763279782897207,1.2701495058480954,0.5188181622285252,0.7164897605195285,1.869759266094567,1.4187879761864628,0.5612481957088622,0.771169965944214,0.17732266709208488,0.056890583131462336,0.0014208327047526836
scaffold_r2_maccs_fingerprints_random_forest,random_forest,maccs_fingerprints,scaffold,2,37,7175,897,8072,897,167,167,"{""max_features"": ""sqrt"", ""min_samples_leaf"": 1, ""n_estimators"": 100}",1.5119240611821345,1.1146756880964939,0.6085726239033531,0.7974536823420656,1.7266650369977397,1.219440520134708,0.6258345201938447,0.8258938279674108,1.265122250188142,0.4518477921374142,0.027290707919746637
scaffold_r2_maccs_fingerprints_extra_trees,extra_trees,maccs_fingerprints,scaffold,2,37,7175,897,8072,897,167,167,"{""max_features"": ""sqrt"", ""min_samples_leaf"": 3, ""n_estimators"": 100}",1.5305603565136772,1.138508132555116,0.5988635191632534,0.7877069500925881,1.7146850457074228,1.2474387035362515,0.6310085971555486,0.8257723118241818,1.5180144580081105,0.3850315837189555,0.016062499955296516
scaffold_r3_maccs_fingerprints_dummy,dummy,maccs_fingerprints,scaffold,3,73,7175,897,8072,897,167,167,"{""strategy"": ""mean""}",2.4758645693892944,2.027360991633176,-0.008012732291130531,,2.865838925476805,2.344930828555911,-0.009825960006922818,,0.0077650840394198895,0.0006728330627083778,0.00011183368042111397
scaffold_r3_maccs_fingerprints_ridge,ridge,maccs_fingerprints,scaffold,3,73,7175,897,8072,897,167,167,"{""alpha"": 10.0}",1.7293615489593672,1.2989541869304742,0.5082052990490665,0.7385333937635696,1.8462409178649744,1.4228746199519142,0.5808980124017,0.781528079332197,0.14327908400446177,0.04100545821711421,0.001620749942958355
scaffold_r3_maccs_fingerprints_random_forest,random_forest,maccs_fingerprints,scaffold,3,73,7175,897,8072,897,167,167,"{""max_features"": ""sqrt"", ""min_samples_leaf"": 1, ""n_estimators"": 100}",1.5725014977495084,1.14804515153114,0.593374712460826,0.7920669098433922,1.6511353206691466,1.2016551159675155,0.6647966793318364,0.8289749232666992,1.3522627921774983,0.5120958341285586,0.02876400016248226
scaffold_r3_maccs_fingerprints_extra_trees,extra_trees,maccs_fingerprints,scaffold,3,73,7175,897,8072,897,167,167,"{""max_features"": ""sqrt"", ""min_samples_leaf"": 1, ""n_estimators"": 100}",1.565489872602654,1.1244522931153957,0.5969928300945785,0.7982053412294253,1.661021179480262,1.1719320868710432,0.6607707306993467,0.8236167638343399,1.4146768753416836,0.6746506672352552,0.029628499876707792
scaffold_r4_maccs_fingerprints_dummy,dummy,maccs_fingerprints,scaffold,4,101,7175,897,8072,897,167,167,"{""strategy"": ""mean""}",2.3540545630724137,1.8993510363919581,-0.0004540464162694491,,2.8409911266829146,2.321572331958574,-0.018122850783171884,,0.0051642912440001965,0.0006802920252084732,0.00019008293747901917
scaffold_r4_maccs_fingerprints_ridge,ridge,maccs_fingerprints,scaffold,4,101,7175,897,8072,897,167,167,"{""alpha"": 100.0}",1.668368587095558,1.2718835563755364,0.4974860717472138,0.7276896585071141,1.8255393218955018,1.3952094563053556,0.5796192560966151,0.7892046122440016,0.15580791607499123,0.018785332795232534,0.0013342918828129768
scaffold_r4_maccs_fingerprints_random_forest,random_forest,maccs_fingerprints,scaffold,4,101,7175,897,8072,897,167,167,"{""max_features"": ""sqrt"", ""min_samples_leaf"": 1, ""n_estimators"": 100}",1.5077086921429752,1.077296046180494,0.589607918381636,0.7907461848685461,1.6100400363127252,1.1580231224233866,0.6730105193206033,0.8572364660751547,1.0284002497792244,0.528204457834363,0.027863875031471252
scaffold_r4_maccs_fingerprints_extra_trees,extra_trees,maccs_fingerprints,scaffold,4,101,7175,897,8072,897,167,167,"{""max_features"": ""sqrt"", ""min_samples_leaf"": 3, ""n_estimators"": 100}",1.498359157886564,1.0865965996306517,0.594681946287813,0.7915973375909034,1.5743245866465077,1.1569635977853523,0.6873568006514272,0.8548432162216565,1.4208304998464882,0.3063897918909788,0.027776415925472975
scaffold_r5_maccs_fingerprints_dummy,dummy,maccs_fingerprints,scaffold,5,137,7175,897,8072,897,167,167,"{""strategy"": ""mean""}",2.4327689062617246,1.9763106875556096,-0.026317648400315363,,2.916403549180756,2.388401027769438,-0.02261310700616903,,0.006012457888573408,0.0007884581573307514,0.0001216670498251915
scaffold_r5_maccs_fingerprints_ridge,ridge,maccs_fingerprints,scaffold,5,137,7175,897,8072,897,167,167,"{""alpha"": 1.0}",1.5901478703160359,1.199198667093639,0.5615146296297147,0.7562887311641684,1.904777070769817,1.4402502449551144,0.5637811508187629,0.7904640352636172,0.14447950012981892,0.04717299994081259,0.0015167910605669022
scaffold_r5_maccs_fingerprints_random_forest,random_forest,maccs_fingerprints,scaffold,5,137,7175,897,8072,897,167,167,"{""max_features"": ""sqrt"", ""min_samples_leaf"": 1, ""n_estimators"": 100}",1.473867627948397,1.067931039594182,0.6232987645647008,0.8095533080366663,1.790638383059219,1.2923920774175368,0.6144933289591765,0.8301138089484486,1.007383500225842,0.6132593336515129,0.02877479186281562
scaffold_r5_maccs_fingerprints_extra_trees,extra_trees,maccs_fingerprints,scaffold,5,137,7175,897,8072,897,167,167,"{""max_features"": ""sqrt"", ""min_samples_leaf"": 3, ""n_estimators"": 100}",1.486200638862469,1.0995691049117773,0.6169680763187846,0.8087462255299671,1.712130178704391,1.261502740391079,0.6475563555268673,0.8403058222984463,1.659646166022867,0.3142695836722851,0.026267999783158302
low_similarity_r1_maccs_fingerprints_dummy,dummy,maccs_fingerprints,low_similarity,1,13,7175,897,8072,897,167,167,"{""strategy"": ""median""}",2.3227056727755993,1.8609527207481606,-0.004116437490682134,,2.381953909282914,1.9720438256905237,-0.01295391536683721,,0.0048295422457158566,0.0020943330600857735,0.00015470897778868675
low_similarity_r1_maccs_fingerprints_ridge,ridge,maccs_fingerprints,low_similarity,1,13,7175,897,8072,897,167,167,"{""alpha"": 10.0}",1.5294818703641246,1.173349794581391,0.5646040527058587,0.7618105584194664,1.849105379674966,1.4034590499582977,0.3895553324349287,0.6543350823883698,0.1572274169884622,0.03609141707420349,0.001628916710615158
low_similarity_r1_maccs_fingerprints_random_forest,random_forest,maccs_fingerprints,low_similarity,1,13,7175,897,8072,897,167,167,"{""max_features"": ""sqrt"", ""min_samples_leaf"": 1, ""n_estimators"": 100}",1.3391791824524701,0.9434059782852798,0.6662101744691726,0.8246981529712238,1.7059981965718831,1.252334094221617,0.4803868712055448,0.7178126708741458,1.0002245409414172,0.5627792500890791,0.02895983401685953
low_similarity_r1_maccs_fingerprints_extra_trees,extra_trees,maccs_fingerprints,low_similarity,1,13,7175,897,8072,897,167,167,"{""max_features"": ""sqrt"", ""min_samples_leaf"": 1, ""n_estimators"": 100}",1.3451405506234084,0.9287422054584146,0.6632318232938336,0.823531826542776,1.713856387029581,1.2368800291867839,0.4755889493484917,0.7156652385715575,1.4908506250940263,0.851469833869487,0.026748625095933676
low_similarity_r2_maccs_fingerprints_dummy,dummy,maccs_fingerprints,low_similarity,2,37,7175,897,8072,897,167,167,"{""strategy"": ""median""}",2.327152839242233,1.8702790671691194,-0.011693186051581206,,2.4131727398641987,1.9710396484112598,-0.007894796659547954,,0.004016167018562555,0.0009234580211341381,0.0001777498982846737
low_similarity_r2_maccs_fingerprints_ridge,ridge,maccs_fingerprints,low_similarity,2,37,7175,897,8072,897,167,167,"{""alpha"": 10.0}",1.6237375122667315,1.191492105653236,0.5074723019657399,0.72940711858128,1.7999202331546833,1.3810696084718928,0.4392814813692272,0.68199850938644,0.14377912506461143,0.03278749994933605,0.001583749894052744
low_similarity_r2_maccs_fingerprints_random_forest,random_forest,maccs_fingerprints,low_similarity,2,37,7175,897,8072,897,167,167,"{""max_features"": ""log2"", ""min_samples_leaf"": 1, ""n_estimators"": 100}",1.3700437963556371,0.9326464641800097,0.6493547891244777,0.8150006673320729,1.7344067204796794,1.2858658824367704,0.4793567083045235,0.7273604563841147,1.092411832883954,0.4040377498604357,0.025984541047364473
low_similarity_r2_maccs_fingerprints_extra_trees,extra_trees,maccs_fingerprints,low_similarity,2,37,7175,897,8072,897,167,167,"{""max_features"": ""log2"", ""min_samples_leaf"": 1, ""n_estimators"": 100}",1.3799574174583178,0.914479767783595,0.6442619001061752,0.8123664640028274,1.746883212219003,1.2776702274497438,0.471839249458061,0.7220256730500034,1.4526470419950783,0.7061332920566201,0.026920500211417675
low_similarity_r3_maccs_fingerprints_dummy,dummy,maccs_fingerprints,low_similarity,3,73,7175,897,8072,897,167,167,"{""strategy"": ""median""}",2.3501040129996364,1.9003989743085843,-0.007564647879396924,,2.3890160574617667,1.952004726627146,-0.00908820929915466,,0.004501958843320608,0.001253375317901373,0.0002054576762020588
low_similarity_r3_maccs_fingerprints_ridge,ridge,maccs_fingerprints,low_similarity,3,73,7175,897,8072,897,167,167,"{""alpha"": 1.0}",1.5674192508608407,1.1773311651318124,0.5518028343354671,0.7538470812941189,1.7938287655428236,1.3485015632717505,0.43107769348819736,0.6925917207553642,0.17477704212069511,0.04640333401039243,0.0022610421292483807
low_similarity_r3_maccs_fingerprints_random_forest,random_forest,maccs_fingerprints,low_similarity,3,73,7175,897,8072,897,167,167,"{""max_features"": ""sqrt"", ""min_samples_leaf"": 1, ""n_estimators"": 100}",1.3383158181887282,0.9403648194061217,0.6732497148908121,0.827568541932631,1.652428946835398,1.211449037180912,0.517234104164881,0.7574608034894921,1.1407359591685236,0.6383744580671191,0.026254333090037107
low_similarity_r3_maccs_fingerprints_extra_trees,extra_trees,maccs_fingerprints,low_similarity,3,73,7175,897,8072,897,167,167,"{""max_features"": ""sqrt"", ""min_samples_leaf"": 1, ""n_estimators"": 100}",1.3306292163553257,0.9004224662270767,0.6769923093297054,0.8308504446417305,1.6438581611300451,1.2033012720870158,0.5222291176216185,0.7566141096665889,1.9025314170867205,1.2217206247150898,0.026654500048607588
low_similarity_r4_maccs_fingerprints_dummy,dummy,maccs_fingerprints,low_similarity,4,101,7175,897,8072,897,167,167,"{""strategy"": ""median""}",2.273583301306908,1.831634703749387,-0.02499356479468884,,2.3808389244590074,1.9664907645360648,-0.010799212743628939,,0.005577874835580587,0.000901833176612854,0.00015779165551066399
low_similarity_r4_maccs_fingerprints_ridge,ridge,maccs_fingerprints,low_similarity,4,101,7175,897,8072,897,167,167,"{""alpha"": 10.0}",1.5106833614645172,1.1541072408718043,0.5474711322329232,0.7473265286511511,1.8279396256869256,1.403172562182376,0.40416150016715935,0.6482199561555995,0.19022487476468086,0.035745833069086075,0.0014584171585738659
low_similarity_r4_maccs_fingerprints_random_forest,random_forest,maccs_fingerprints,low_similarity,4,101,7175,897,8072,897,167,167,"{""max_features"": ""sqrt"", ""min_samples_leaf"": 1, ""n_estimators"": 100}",1.2745845269442482,0.9023184830029783,0.6778659141929688,0.8195976508642334,1.6775383233092591,1.2312096612583883,0.4981779186895775,0.7123915005961232,1.3486002497375011,0.5483499579131603,0.015352000016719103
low_similarity_r4_maccs_fingerprints_extra_trees,extra_trees,maccs_fingerprints,low_similarity,4,101,7175,897,8072,897,167,167,"{""max_features"": ""sqrt"", ""min_samples_leaf"": 3, ""n_estimators"": 100}",1.2816568831048845,0.9305203791368605,0.6742811104326798,0.8196456104660377,1.6685703606566114,1.2444725221273572,0.5035289648888004,0.7175960194747495,1.681428040843457,0.3917369577102363,0.02591974986717105
low_similarity_r5_maccs_fingerprints_dummy,dummy,maccs_fingerprints,low_similarity,5,137,7175,897,8072,897,167,167,"{""strategy"": ""median""}",2.3719330293342598,1.893781441936399,-0.012640430330331354,,2.3797338635823575,1.9590191138817168,-0.009145346503812046,,0.0046764579601585865,0.0013482091017067432,0.0002282923087477684
low_similarity_r5_maccs_fingerprints_ridge,ridge,maccs_fingerprints,low_similarity,5,137,7175,897,8072,897,167,167,"{""alpha"": 1.0}",1.6765365662691611,1.2580512913695812,0.4940862563231425,0.7235523771343906,1.780237705084472,1.3758860873204795,0.43525430280706934,0.678048329317625,0.1395979169756174,0.04654812486842275,0.0021526250056922436
low_similarity_r5_maccs_fingerprints_random_forest,random_forest,maccs_fingerprints,low_similarity,5,137,7175,897,8072,897,167,167,"{""max_features"": ""sqrt"", ""min_samples_leaf"": 1, ""n_estimators"": 100}",1.4084175802558239,0.9676166933621984,0.6429629444352014,0.8041386907981515,1.6695215843854185,1.2003944691426693,0.5033150313811715,0.7366438505436622,0.9306500419043005,0.49675891594961286,0.028549708891659975
low_similarity_r5_maccs_fingerprints_extra_trees,extra_trees,maccs_fingerprints,low_similarity,5,137,7175,897,8072,897,167,167,"{""max_features"": ""sqrt"", ""min_samples_leaf"": 3, ""n_estimators"": 100}",1.4234158072225669,0.9983122473047078,0.6353182868645064,0.8073805473874792,1.6662029096048219,1.2316227419757924,0.5052876894333207,0.7421920327775047,1.6911047077737749,0.4017364582978189,0.028611292131245136
